food_item,category,calories_kcal,protein_g,carbohydrates_g,fat_g,fiber_g,sugars_g,sodium_mg,cholesterol_mg,meal_type,water_intake_ml,macro_total_g,protein_share,carbohydrate_share,fat_share,estimated_macro_calories,macro_calorie_gap
Scrambled Eggs (2 large),Protein/Dairy,180,12.0,2.0,14.0,0.0,1.0,180,370,Breakfast,250,28.0,0.42857142857142855,0.07142857142857142,0.5,182.0,-2.0
Whole Wheat Toast (1 slice),Grain,80,4.0,14.0,1.0,2.0,2.0,140,0,Breakfast,0,19.0,0.21052631578947367,0.7368421052631579,0.05263157894736842,81.0,-1.0
Coffee (black),Beverage,5,0.3,0.0,0.1,0.0,0.0,5,0,Breakfast,0,0.4,0.7499999999999999,0.0,0.25,2.1,2.9
Banana,Fruit,105,1.3,27.0,0.4,3.1,14.0,1,0,Breakfast,0,28.7,0.04529616724738676,0.9407665505226481,0.013937282229965159,116.8,-11.799999999999997
Grilled Chicken Salad,Meal/Protein,350,30.0,10.0,20.0,5.0,4.0,400,80,Lunch,500,60.0,0.5,0.16666666666666666,0.3333333333333333,340.0,10.0
Apple,Fruit,95,0.5,25.0,0.3,4.4,19.0,2,0,Snack,0,25.8,0.01937984496124031,0.9689922480620154,0.011627906976744186,104.7,-9.700000000000003
Salmon (4oz grilled),Protein/Fish,230,25.0,0.0,14.0,0.0,0.0,60,60,Dinner,250,39.0,0.6410256410256411,0.0,0.358974358974359,226.0,4.0
Quinoa (1 cup cooked),Grain,222,8.0,39.0,3.6,5.0,1.0,13,0,Dinner,0,50.6,0.15810276679841898,0.7707509881422925,0.07114624505928854,220.4,1.5999999999999943
Steamed Broccoli (1 cup),Vegetable,55,3.7,11.2,0.6,5.1,2.0,40,0,Dinner,0,15.499999999999998,0.23870967741935487,0.7225806451612904,0.03870967741935484,65.0,-10.0
Greek Yogurt (plain 1 cup),Dairy,150,25.0,8.0,3.0,0.0,7.0,85,10,Snack,250,36.0,0.6944444444444444,0.2222222222222222,0.08333333333333333,159.0,-9.0
Oatmeal (1 cup cooked),Grain,160,6.0,28.0,3.0,4.0,1.0,2,0,Breakfast,250,37.0,0.16216216216216217,0.7567567567567568,0.08108108108108109,163.0,-3.0
Blueberries (1/2 cup),Fruit,42,0.5,11.0,0.2,1.8,7.0,1,0,Breakfast,0,11.7,0.042735042735042736,0.9401709401709403,0.017094017094017096,47.8,-5.799999999999997
Almonds (1 oz),Nut,164,6.0,6.0,14.0,3.5,1.0,1,0,Snack,0,26.0,0.23076923076923078,0.23076923076923078,0.5384615384615384,174.0,-10.0
Turkey Sandwich (on wheat),Meal/Processed,340,22.0,34.0,12.0,5.0,6.0,850,50,Lunch,500,68.0,0.3235294117647059,0.5,0.17647058823529413,332.0,8.0
Carrot Sticks (1 cup),Vegetable,52,1.2,12.3,0.3,3.6,6.0,88,0,Snack,0,13.8,0.08695652173913043,0.8913043478260869,0.021739130434782608,56.7,-4.700000000000003
Spaghetti Bolognese,Meal/Pasta,460,20.0,55.0,18.0,6.0,10.0,700,50,Dinner,250,93.0,0.21505376344086022,0.5913978494623656,0.1935483870967742,462.0,-2.0
Side Salad (light dressing),Vegetable,70,2.0,8.0,4.0,3.0,3.0,150,0,Dinner,0,14.0,0.14285714285714285,0.5714285714285714,0.2857142857142857,76.0,-6.0
Protein Shake (Whey),Supplement,120,24.0,3.0,1.0,1.0,2.0,160,5,Snack,500,28.0,0.8571428571428571,0.10714285714285714,0.03571428571428571,117.0,3.0
Cereal (Frosted Flakes 1 cup),Grain/Processed,130,2.0,31.0,0.0,1.0,11.0,190,0,Breakfast,0,33.0,0.06060606060606061,0.9393939393939394,0.0,132.0,-2.0
"Milk (2%, 1 cup)",Dairy,122,8.0,12.0,5.0,0.0,12.0,100,20,Breakfast,0,25.0,0.32,0.48,0.2,125.0,-3.0
Lentil Soup (1 can),Meal/Legume,230,15.0,35.0,3.0,12.0,6.0,650,0,Lunch,250,53.0,0.2830188679245283,0.660377358490566,0.05660377358490566,227.0,3.0
White Rice (1 cup cooked),Grain,204,4.2,44.5,0.4,0.6,0.1,2,0,Dinner,0,49.1,0.0855397148676171,0.9063136456211812,0.00814663951120163,198.4,5.599999999999994
Tofu Stir-fry,Meal/Vegetarian,400,18.0,30.0,22.0,7.0,9.0,500,0,Dinner,250,70.0,0.2571428571428571,0.42857142857142855,0.3142857142857143,390.0,10.0
Orange,Fruit,62,1.2,15.4,0.2,3.1,12.0,0,0,Snack,0,16.8,0.07142857142857142,0.9166666666666666,0.011904761904761904,68.2,-6.200000000000003
Bagel (plain),Grain,270,11.0,55.0,1.5,2.0,5.0,430,0,Breakfast,250,67.5,0.16296296296296298,0.8148148148148148,0.022222222222222223,277.5,-7.5
Cream Cheese (2 tbsp),Dairy,100,2.0,2.0,10.0,0.0,1.0,90,30,Breakfast,0,14.0,0.14285714285714285,0.14285714285714285,0.7142857142857143,106.0,-6.0
Tuna Salad (1/2 cup),Meal/Fish,190,19.0,2.0,12.0,1.0,1.0,400,30,Lunch,500,33.0,0.5757575757575758,0.06060606060606061,0.36363636363636365,192.0,-2.0
Crackers (5 whole wheat),Grain/Processed,90,2.0,14.0,3.0,2.0,0.0,180,0,Lunch,0,19.0,0.10526315789473684,0.7368421052631579,0.15789473684210525,91.0,-1.0
Beef Steak (6oz sirloin),Protein/Meat,270,42.0,0.0,10.0,0.0,0.0,90,115,Dinner,250,52.0,0.8076923076923077,0.0,0.19230769230769232,258.0,12.0
Baked Potato (medium),Vegetable,160,4.3,36.0,0.2,3.8,1.0,17,0,Dinner,0,40.5,0.10617283950617283,0.8888888888888888,0.0049382716049382715,163.0,-3.0
Ice Cream (1/2 cup vanilla),Dairy/Dessert,145,2.5,17.0,7.5,0.5,16.0,55,30,Snack,0,27.0,0.09259259259259259,0.6296296296296297,0.2777777777777778,145.5,-0.5
Pizza (1 slice pepperoni),Meal/Processed,290,12.0,34.0,12.0,2.0,4.0,720,35,Dinner,250,58.0,0.20689655172413793,0.5862068965517241,0.20689655172413793,292.0,-2.0
Avocado Toast (1 slice),Meal/Vegetarian,260,7.0,28.0,15.0,10.0,1.0,350,0,Breakfast,500,50.0,0.14,0.56,0.3,275.0,-15.0
Hard-Boiled Egg (1 large),Protein,78,6.3,0.6,5.3,0.0,0.5,62,187,Snack,0,12.2,0.5163934426229508,0.04918032786885246,0.43442622950819676,75.3,2.700000000000003
Chicken Wrap (with tortilla),Meal/Processed,410,25.0,38.0,17.0,5.0,3.0,780,60,Lunch,250,80.0,0.3125,0.475,0.2125,405.0,5.0
Grapes (1 cup),Fruit,104,1.1,27.0,0.2,1.4,23.0,3,0,Snack,0,28.3,0.03886925795053004,0.9540636042402827,0.007067137809187279,114.2,-10.200000000000003
Cottage Cheese (1/2 cup),Dairy,90,12.0,5.0,3.0,0.0,4.0,400,10,Snack,0,20.0,0.6,0.25,0.15,95.0,-5.0
Burger (cheeseburger),Meal/Processed,550,30.0,40.0,30.0,3.0,7.0,1100,90,Dinner,500,100.0,0.3,0.4,0.3,550.0,0.0
French Fries (medium),Vegetable/Processed,340,4.0,44.0,17.0,4.0,0.3,230,0,Dinner,0,65.0,0.06153846153846154,0.676923076923077,0.26153846153846155,345.0,-5.0
Protein Bar,Supplement/Processed,210,20.0,22.0,7.0,6.0,1.0,180,5,Snack,500,49.0,0.40816326530612246,0.4489795918367347,0.14285714285714285,231.0,-21.0
Black Beans (1/2 cup),Legume,114,7.6,20.4,0.5,7.5,0.3,1,0,Lunch,0,28.5,0.26666666666666666,0.7157894736842105,0.017543859649122806,116.5,-2.5
Salsa (1/4 cup),Vegetable,20,0.8,4.5,0.1,1.0,3.0,250,0,Lunch,0,5.3999999999999995,0.14814814814814817,0.8333333333333334,0.01851851851851852,22.099999999999998,-2.099999999999998
Chicken Noodle Soup (1 can),Meal/Processed,150,7.0,18.0,5.0,2.0,2.0,890,15,Lunch,250,30.0,0.23333333333333334,0.6,0.16666666666666666,145.0,5.0
Peanut Butter (2 tbsp),Nut,190,7.0,8.0,16.0,2.0,3.0,140,0,Snack,0,31.0,0.22580645161290322,0.25806451612903225,0.5161290322580645,204.0,-14.0
Celery Sticks (1 cup),Vegetable,14,0.6,3.0,0.2,1.4,1.2,77,0,Snack,0,3.8000000000000003,0.15789473684210525,0.7894736842105262,0.05263157894736842,16.2,-2.1999999999999993
Cod (4oz baked),Protein/Fish,95,20.0,0.0,0.8,0.0,0.0,95,55,Dinner,250,20.8,0.9615384615384615,0.0,0.038461538461538464,87.2,7.799999999999997
Green Beans (1 cup),Vegetable,31,1.8,7.0,0.2,2.7,3.3,6,0,Dinner,0,9.0,0.2,0.7777777777777778,0.022222222222222223,37.0,-6.0
Chocolate Chip Cookie (1 large),Dessert,220,2.5,30.0,11.0,1.5,19.0,160,20,Snack,0,43.5,0.05747126436781609,0.6896551724137931,0.25287356321839083,229.0,-9.0
"Tea (Green, 1 cup)",Beverage,2,0.5,0.0,0.0,0.0,0.0,2,0,Breakfast,250,0.5,1.0,0.0,0.0,2.0,0.0
Shrimp (3oz steamed),Protein/Fish,84,20.0,0.2,0.2,0.0,0.0,100,161,Dinner,250,20.4,0.9803921568627452,0.009803921568627453,0.009803921568627453,82.6,1.4000000000000057
Pancakes (2 medium),Grain,180,5.0,30.0,5.0,1.0,6.0,450,25,Breakfast,0,40.0,0.125,0.75,0.125,185.0,-5.0
Maple Syrup (2 tbsp),Condiment,104,0.0,27.0,0.0,0.0,24.0,2,0,Breakfast,0,27.0,0.0,1.0,0.0,108.0,-4.0
Sausage Link (1 cooked),Protein/Meat,85,5.0,1.0,7.0,0.0,0.5,300,20,Breakfast,0,13.0,0.38461538461538464,0.07692307692307693,0.5384615384615384,87.0,-2.0
Smoothie (Fruit & Yogurt),Beverage/Meal,280,12.0,55.0,3.0,7.0,40.0,70,5,Breakfast,250,70.0,0.17142857142857143,0.7857142857142857,0.04285714285714286,295.0,-15.0
Tofu (4oz firm),Protein/Vegetarian,90,10.0,3.0,5.0,2.0,1.0,10,0,Lunch,0,18.0,0.5555555555555556,0.16666666666666666,0.2777777777777778,97.0,-7.0
Brown Rice (1 cup cooked),Grain,215,5.0,45.0,1.8,3.5,0.4,10,0,Lunch,0,51.8,0.09652509652509653,0.8687258687258688,0.03474903474903475,216.2,-1.1999999999999886
Bell Pepper (1 medium red),Vegetable,31,1.2,6.0,0.3,2.1,4.2,4,0,Lunch,0,7.5,0.16,0.8,0.04,31.5,-0.5
Hummus (2 tbsp),Legume,70,2.0,4.0,5.0,2.0,0.0,130,0,Snack,0,11.0,0.18181818181818182,0.36363636363636365,0.45454545454545453,69.0,1.0
Pita Bread (1 whole wheat),Grain,170,6.0,35.0,1.5,5.0,2.0,320,0,Snack,0,42.5,0.1411764705882353,0.8235294117647058,0.03529411764705882,177.5,-7.5
Pork Chop (4oz grilled),Protein/Meat,220,30.0,0.0,10.0,0.0,0.0,70,85,Dinner,250,40.0,0.75,0.0,0.25,210.0,10.0
Mashed Potatoes (1 cup),Vegetable,230,4.0,35.0,8.0,3.0,2.0,350,15,Dinner,0,47.0,0.0851063829787234,0.7446808510638298,0.1702127659574468,228.0,2.0
Corn (1 cup),Vegetable,132,4.7,30.0,1.8,3.6,8.9,2,0,Dinner,0,36.5,0.12876712328767123,0.821917808219178,0.049315068493150684,155.0,-23.0
Soda (1 can Coke),Beverage,140,0.0,39.0,0.0,0.0,39.0,45,0,Snack,355,39.0,0.0,1.0,0.0,156.0,-16.0
Pretzels (1 oz),Grain/Processed,110,3.0,23.0,1.0,1.0,1.0,450,0,Snack,0,27.0,0.1111111111111111,0.8518518518518519,0.037037037037037035,113.0,-3.0
Cheddar Cheese (1 oz),Dairy,115,7.0,1.0,9.5,0.0,0.5,180,30,Snack,0,17.5,0.4,0.05714285714285714,0.5428571428571428,117.5,-2.5
Caesar Salad (with chicken),Meal/Protein,470,30.0,15.0,30.0,3.0,3.0,890,75,Lunch,250,75.0,0.4,0.2,0.4,450.0,20.0
Orange Juice (1 cup),Beverage,112,1.7,25.8,0.5,0.7,20.8,2,0,Breakfast,240,28.0,0.060714285714285714,0.9214285714285715,0.017857142857142856,114.5,-2.5
Bacon (2 slices cooked),Protein/Meat,86,6.0,0.2,6.8,0.0,0.1,330,18,Breakfast,0,13.0,0.46153846153846156,0.015384615384615385,0.5230769230769231,86.0,0.0
Waffles (2 homemade),Grain,220,6.0,28.0,9.0,1.5,3.0,420,45,Breakfast,0,43.0,0.13953488372093023,0.6511627906976745,0.20930232558139536,217.0,3.0
Pear,Fruit,101,0.6,27.0,0.2,5.5,16.0,2,0,Snack,0,27.8,0.021582733812949638,0.9712230215827338,0.007194244604316547,112.2,-11.200000000000003
Chicken Breast (4oz roasted),Protein/Meat,185,35.0,0.0,4.0,0.0,0.0,80,95,Lunch,500,39.0,0.8974358974358975,0.0,0.10256410256410256,176.0,9.0
Mixed Nuts (1/4 cup),Nut,200,6.0,8.0,18.0,3.0,2.0,1,0,Snack,0,32.0,0.1875,0.25,0.5625,218.0,-18.0
Tilapia (4oz baked),Protein/Fish,110,22.0,0.0,2.5,0.0,0.0,50,50,Dinner,0,24.5,0.8979591836734694,0.0,0.10204081632653061,110.5,-0.5
Asparagus (1 cup steamed),Vegetable,40,4.3,7.4,0.4,3.6,3.5,4,0,Dinner,0,12.1,0.35537190082644626,0.6115702479338844,0.03305785123966942,50.4,-10.399999999999999
Sweet Potato (1 medium baked),Vegetable,103,2.3,23.6,0.2,3.8,7.4,41,0,Dinner,0,26.1,0.08812260536398467,0.9042145593869731,0.007662835249042145,105.4,-2.4000000000000057
Popcorn (3 cups air-popped),Grain,93,3.0,18.6,1.1,3.6,0.1,2,0,Snack,250,22.700000000000003,0.13215859030837002,0.8193832599118942,0.04845814977973568,96.30000000000001,-3.3000000000000114
Raisins (1/4 cup),Fruit,130,1.3,34.0,0.2,1.6,25.0,5,0,Snack,0,35.5,0.036619718309859155,0.9577464788732394,0.005633802816901409,143.0,-13.0
Macaroni & Cheese (1 cup),Meal/Pasta,350,10.0,40.0,17.0,2.0,5.0,750,40,Lunch,250,67.0,0.14925373134328357,0.5970149253731343,0.2537313432835821,353.0,-3.0
Tomato Soup (1 can),Meal/Vegetable,170,4.0,25.0,6.0,4.0,15.0,900,10,Lunch,0,35.0,0.11428571428571428,0.7142857142857143,0.17142857142857143,170.0,0.0
Grilled Cheese Sandwich,Meal/Processed,390,15.0,32.0,22.0,3.0,4.0,800,60,Lunch,0,69.0,0.21739130434782608,0.463768115942029,0.3188405797101449,386.0,4.0
Beef Tacos (2 hard shell),Meal/Meat,380,18.0,28.0,22.0,5.0,3.0,600,50,Dinner,500,68.0,0.2647058823529412,0.4117647058823529,0.3235294117647059,382.0,-2.0
Refried Beans (1/2 cup),Legume,115,7.0,19.0,1.0,6.0,1.0,480,0,Dinner,0,27.0,0.25925925925925924,0.7037037037037037,0.037037037037037035,113.0,2.0
Guacamole (1/4 cup),Vegetable/Condiment,90,1.0,4.0,8.0,3.0,0.5,120,0,Dinner,0,13.0,0.07692307692307693,0.3076923076923077,0.6153846153846154,92.0,-2.0
Watermelon (1 cup diced),Fruit,46,0.9,11.5,0.2,0.6,9.4,2,0,Snack,0,12.6,0.07142857142857144,0.9126984126984127,0.015873015873015876,51.4,-5.399999999999999
English Muffin (whole wheat),Grain,134,6.0,26.0,1.0,4.4,1.0,210,0,Breakfast,250,33.0,0.18181818181818182,0.7878787878787878,0.030303030303030304,137.0,-3.0
Peanut Butter & Jelly Sandwich,Meal/Processed,390,12.0,50.0,17.0,5.0,20.0,450,0,Lunch,250,79.0,0.1518987341772152,0.6329113924050633,0.21518987341772153,401.0,-11.0
Clam Chowder (1 cup),Meal/Seafood,200,10.0,18.0,9.0,1.0,2.0,870,30,Lunch,0,37.0,0.2702702702702703,0.4864864864864865,0.24324324324324326,193.0,7.0
Iced Tea (Sweetened 16oz),Beverage,180,0.0,46.0,0.0,0.0,46.0,15,0,Snack,500,46.0,0.0,1.0,0.0,184.0,-4.0
Lasagna (1 serving meat),Meal/Pasta,350,20.0,30.0,17.0,4.0,7.0,850,55,Dinner,250,67.0,0.29850746268656714,0.44776119402985076,0.2537313432835821,353.0,-3.0
Garlic Bread (1 slice),Grain,150,4.0,18.0,7.0,1.0,1.0,310,0,Dinner,0,29.0,0.13793103448275862,0.6206896551724138,0.2413793103448276,151.0,-1.0
Chocolate Milk (1 cup),Beverage/Dairy,200,8.0,26.0,8.0,1.0,24.0,160,30,Snack,0,42.0,0.19047619047619047,0.6190476190476191,0.19047619047619047,208.0,-8.0
White Bread (1 slice),Grain,70,2.0,13.0,1.0,0.6,1.2,140,0,Breakfast,0,16.0,0.125,0.8125,0.0625,69.0,1.0
Jelly (1 tbsp grape),Condiment,50,0.0,13.0,0.0,0.1,12.0,5,0,Breakfast,0,13.0,0.0,1.0,0.0,52.0,-2.0
Veggie Burger (1 patty),Protein/Vegetarian,120,11.0,10.0,4.0,5.0,1.0,350,0,Lunch,250,25.0,0.44,0.4,0.16,120.0,0.0
Bun (hamburger),Grain,140,4.0,26.0,2.0,1.0,4.0,260,0,Lunch,0,32.0,0.125,0.8125,0.0625,138.0,2.0
Ketchup (1 tbsp),Condiment,20,0.2,5.0,0.1,0.2,4.0,160,0,Lunch,0,5.3,0.03773584905660378,0.9433962264150944,0.01886792452830189,21.7,-1.6999999999999993
Muffin (Blueberry 1 large),Grain/Dessert,380,5.0,55.0,16.0,2.0,30.0,350,50,Breakfast,250,76.0,0.06578947368421052,0.7236842105263158,0.21052631578947367,384.0,-4.0
Coffee (with cream/sugar),Beverage,50,0.5,5.0,3.0,0.0,4.5,10,10,Breakfast,250,8.5,0.058823529411764705,0.5882352941176471,0.35294117647058826,49.0,1.0
Potato Chips (1 oz),Snack/Processed,160,2.0,15.0,10.0,1.0,0.5,170,0,Snack,0,27.0,0.07407407407407407,0.5555555555555556,0.37037037037037035,158.0,2.0
Tzatziki Sauce (2 tbsp),Condiment/Dairy,30,1.5,2.0,2.0,0.0,1.5,100,5,Dinner,0,5.5,0.2727272727272727,0.36363636363636365,0.36363636363636365,32.0,-2.0
Pancakes (2 medium),Grain,180,5.0,30.0,5.0,1.0,6.0,450,25,Breakfast,0,40.0,0.125,0.75,0.125,185.0,-5.0
Maple Syrup (2 tbsp),Condiment,104,0.0,27.0,0.0,0.0,24.0,2,0,Breakfast,0,27.0,0.0,1.0,0.0,108.0,-4.0
Sausage Link (1 cooked),Protein/Meat,85,5.0,1.0,7.0,0.0,0.5,300,20,Breakfast,0,13.0,0.38461538461538464,0.07692307692307693,0.5384615384615384,87.0,-2.0
Smoothie (Fruit & Yogurt),Beverage/Meal,280,12.0,55.0,3.0,7.0,40.0,70,5,Breakfast,250,70.0,0.17142857142857143,0.7857142857142857,0.04285714285714286,295.0,-15.0
Tofu (4oz firm),Protein/Vegetarian,90,10.0,3.0,5.0,2.0,1.0,10,0,Lunch,0,18.0,0.5555555555555556,0.16666666666666666,0.2777777777777778,97.0,-7.0
Brown Rice (1 cup cooked),Grain,215,5.0,45.0,1.8,3.5,0.4,10,0,Lunch,0,51.8,0.09652509652509653,0.8687258687258688,0.03474903474903475,216.2,-1.1999999999999886
Bell Pepper (1 medium red),Vegetable,31,1.2,6.0,0.3,2.1,4.2,4,0,Lunch,0,7.5,0.16,0.8,0.04,31.5,-0.5
Hummus (2 tbsp),Legume,70,2.0,4.0,5.0,2.0,0.0,130,0,Snack,0,11.0,0.18181818181818182,0.36363636363636365,0.45454545454545453,69.0,1.0
Pita Bread (1 whole wheat),Grain,170,6.0,35.0,1.5,5.0,2.0,320,0,Snack,0,42.5,0.1411764705882353,0.8235294117647058,0.03529411764705882,177.5,-7.5
Pork Chop (4oz grilled),Protein/Meat,220,30.0,0.0,10.0,0.0,0.0,70,85,Dinner,250,40.0,0.75,0.0,0.25,210.0,10.0
Mashed Potatoes (1 cup),Vegetable,230,4.0,35.0,8.0,3.0,2.0,350,15,Dinner,0,47.0,0.0851063829787234,0.7446808510638298,0.1702127659574468,228.0,2.0
Corn (1 cup),Vegetable,132,4.7,30.0,1.8,3.6,8.9,2,0,Dinner,0,36.5,0.12876712328767123,0.821917808219178,0.049315068493150684,155.0,-23.0
Soda (1 can Coke),Beverage,140,0.0,39.0,0.0,0.0,39.0,45,0,Snack,355,39.0,0.0,1.0,0.0,156.0,-16.0
Pretzels (1 oz),Grain/Processed,110,3.0,23.0,1.0,1.0,1.0,450,0,Snack,0,27.0,0.1111111111111111,0.8518518518518519,0.037037037037037035,113.0,-3.0
Cheddar Cheese (1 oz),Dairy,115,7.0,1.0,9.5,0.0,0.5,180,30,Snack,0,17.5,0.4,0.05714285714285714,0.5428571428571428,117.5,-2.5
Caesar Salad (with chicken),Meal/Protein,470,30.0,15.0,30.0,3.0,3.0,890,75,Lunch,250,75.0,0.4,0.2,0.4,450.0,20.0
Orange Juice (1 cup),Beverage,112,1.7,25.8,0.5,0.7,20.8,2,0,Breakfast,240,28.0,0.060714285714285714,0.9214285714285715,0.017857142857142856,114.5,-2.5
Bacon (2 slices cooked),Protein/Meat,86,6.0,0.2,6.8,0.0,0.1,330,18,Breakfast,0,13.0,0.46153846153846156,0.015384615384615385,0.5230769230769231,86.0,0.0
Waffles (2 homemade),Grain,220,6.0,28.0,9.0,1.5,3.0,420,45,Breakfast,0,43.0,0.13953488372093023,0.6511627906976745,0.20930232558139536,217.0,3.0
Pear,Fruit,101,0.6,27.0,0.2,5.5,16.0,2,0,Snack,0,27.8,0.021582733812949638,0.9712230215827338,0.007194244604316547,112.2,-11.200000000000003
Chicken Breast (4oz roasted),Protein/Meat,185,35.0,0.0,4.0,0.0,0.0,80,95,Lunch,500,39.0,0.8974358974358975,0.0,0.10256410256410256,176.0,9.0
Mixed Nuts (1/4 cup),Nut,200,6.0,8.0,18.0,3.0,2.0,1,0,Snack,0,32.0,0.1875,0.25,0.5625,218.0,-18.0
Tilapia (4oz baked),Protein/Fish,110,22.0,0.0,2.5,0.0,0.0,50,50,Dinner,0,24.5,0.8979591836734694,0.0,0.10204081632653061,110.5,-0.5
Asparagus (1 cup steamed),Vegetable,40,4.3,7.4,0.4,3.6,3.5,4,0,Dinner,0,12.1,0.35537190082644626,0.6115702479338844,0.03305785123966942,50.4,-10.399999999999999
Sweet Potato (1 medium baked),Vegetable,103,2.3,23.6,0.2,3.8,7.4,41,0,Dinner,0,26.1,0.08812260536398467,0.9042145593869731,0.007662835249042145,105.4,-2.4000000000000057
Popcorn (3 cups air-popped),Grain,93,3.0,18.6,1.1,3.6,0.1,2,0,Snack,250,22.700000000000003,0.13215859030837002,0.8193832599118942,0.04845814977973568,96.30000000000001,-3.3000000000000114
Raisins (1/4 cup),Fruit,130,1.3,34.0,0.2,1.6,25.0,5,0,Snack,0,35.5,0.036619718309859155,0.9577464788732394,0.005633802816901409,143.0,-13.0
Macaroni & Cheese (1 cup),Meal/Pasta,350,10.0,40.0,17.0,2.0,5.0,750,40,Lunch,250,67.0,0.14925373134328357,0.5970149253731343,0.2537313432835821,353.0,-3.0
Tomato Soup (1 can),Meal/Vegetable,170,4.0,25.0,6.0,4.0,15.0,900,10,Lunch,0,35.0,0.11428571428571428,0.7142857142857143,0.17142857142857143,170.0,0.0
Grilled Cheese Sandwich,Meal/Processed,390,15.0,32.0,22.0,3.0,4.0,800,60,Lunch,0,69.0,0.21739130434782608,0.463768115942029,0.3188405797101449,386.0,4.0
Beef Tacos (2 hard shell),Meal/Meat,380,18.0,28.0,22.0,5.0,3.0,600,50,Dinner,500,68.0,0.2647058823529412,0.4117647058823529,0.3235294117647059,382.0,-2.0
Refried Beans (1/2 cup),Legume,115,7.0,19.0,1.0,6.0,1.0,480,0,Dinner,0,27.0,0.25925925925925924,0.7037037037037037,0.037037037037037035,113.0,2.0
Guacamole (1/4 cup),Vegetable/Condiment,90,1.0,4.0,8.0,3.0,0.5,120,0,Dinner,0,13.0,0.07692307692307693,0.3076923076923077,0.6153846153846154,92.0,-2.0
Watermelon (1 cup diced),Fruit,46,0.9,11.5,0.2,0.6,9.4,2,0,Snack,0,12.6,0.07142857142857144,0.9126984126984127,0.015873015873015876,51.4,-5.399999999999999
English Muffin (whole wheat),Grain,134,6.0,26.0,1.0,4.4,1.0,210,0,Breakfast,250,33.0,0.18181818181818182,0.7878787878787878,0.030303030303030304,137.0,-3.0
Peanut Butter & Jelly Sandwich,Meal/Processed,390,12.0,50.0,17.0,5.0,20.0,450,0,Lunch,250,79.0,0.1518987341772152,0.6329113924050633,0.21518987341772153,401.0,-11.0
Clam Chowder (1 cup),Meal/Seafood,200,10.0,18.0,9.0,1.0,2.0,870,30,Lunch,0,37.0,0.2702702702702703,0.4864864864864865,0.24324324324324326,193.0,7.0
Iced Tea (Sweetened 16oz),Beverage,180,0.0,46.0,0.0,0.0,46.0,15,0,Snack,500,46.0,0.0,1.0,0.0,184.0,-4.0
Lasagna (1 serving meat),Meal/Pasta,350,20.0,30.0,17.0,4.0,7.0,850,55,Dinner,250,67.0,0.29850746268656714,0.44776119402985076,0.2537313432835821,353.0,-3.0
Garlic Bread (1 slice),Grain,150,4.0,18.0,7.0,1.0,1.0,310,0,Dinner,0,29.0,0.13793103448275862,0.6206896551724138,0.2413793103448276,151.0,-1.0
Chocolate Milk (1 cup),Beverage/Dairy,200,8.0,26.0,8.0,1.0,24.0,160,30,Snack,0,42.0,0.19047619047619047,0.6190476190476191,0.19047619047619047,208.0,-8.0
White Bread (1 slice),Grain,70,2.0,13.0,1.0,0.6,1.2,140,0,Breakfast,0,16.0,0.125,0.8125,0.0625,69.0,1.0
Jelly (1 tbsp grape),Condiment,50,0.0,13.0,0.0,0.1,12.0,5,0,Breakfast,0,13.0,0.0,1.0,0.0,52.0,-2.0
Veggie Burger (1 patty),Protein/Vegetarian,120,11.0,10.0,4.0,5.0,1.0,350,0,Lunch,250,25.0,0.44,0.4,0.16,120.0,0.0
Bun (hamburger),Grain,140,4.0,26.0,2.0,1.0,4.0,260,0,Lunch,0,32.0,0.125,0.8125,0.0625,138.0,2.0
Ketchup (1 tbsp),Condiment,20,0.2,5.0,0.1,0.2,4.0,160,0,Lunch,0,5.3,0.03773584905660378,0.9433962264150944,0.01886792452830189,21.7,-1.6999999999999993
Muffin (Blueberry 1 large),Grain/Dessert,380,5.0,55.0,16.0,2.0,30.0,350,50,Breakfast,250,76.0,0.06578947368421052,0.7236842105263158,0.21052631578947367,384.0,-4.0
Coffee (with cream/sugar),Beverage,50,0.5,5.0,3.0,0.0,4.5,10,10,Breakfast,250,8.5,0.058823529411764705,0.5882352941176471,0.35294117647058826,49.0,1.0
Potato Chips (1 oz),Snack/Processed,160,2.0,15.0,10.0,1.0,0.5,170,0,Snack,0,27.0,0.07407407407407407,0.5555555555555556,0.37037037037037035,158.0,2.0
Tzatziki Sauce (2 tbsp),Condiment/Dairy,30,1.5,2.0,2.0,0.0,1.5,100,5,Dinner,0,5.5,0.2727272727272727,0.36363636363636365,0.36363636363636365,32.0,-2.0
Scallops (3oz seared),Protein/Seafood,95,17.0,5.0,1.0,0.0,0.0,180,35,Dinner,0,23.0,0.7391304347826086,0.21739130434782608,0.043478260869565216,97.0,-2.0
Risotto (Mushroom 1 cup),Meal/Grain,250,7.0,35.0,9.0,3.0,3.0,600,20,Dinner,0,51.0,0.13725490196078433,0.6862745098039216,0.17647058823529413,249.0,1.0
Caprese Salad,Meal/Vegetable,240,10.0,8.0,18.0,2.0,5.0,350,40,Lunch,250,36.0,0.2777777777777778,0.2222222222222222,0.5,234.0,6.0
Balsamic Vinaigrette (2 tbsp),Condiment,90,0.0,3.0,9.0,0.0,2.5,300,0,Lunch,0,12.0,0.0,0.25,0.75,93.0,-3.0
Cherries (1 cup),Fruit,77,1.6,19.0,0.5,2.5,15.0,0,0,Snack,0,21.1,0.07582938388625593,0.9004739336492891,0.023696682464454975,86.9,-9.900000000000006
Turkey Bacon (2 slices),Protein/Meat,70,6.0,1.0,5.0,0.0,0.5,360,30,Breakfast,0,12.0,0.5,0.08333333333333333,0.4166666666666667,73.0,-3.0
Grits (1 cup cooked),Grain,150,3.0,32.0,1.0,2.0,0.5,320,0,Breakfast,0,36.0,0.08333333333333333,0.8888888888888888,0.027777777777777776,149.0,1.0
Butter (1 tbsp),Condiment/Dairy,100,0.1,0.0,11.0,0.0,0.0,82,30,Breakfast,0,11.1,0.009009009009009009,0.0,0.990990990990991,99.4,0.5999999999999943
Meatball Sub (6 inch),Meal/Processed,580,28.0,55.0,27.0,6.0,10.0,1200,70,Lunch,500,110.0,0.2545454545454545,0.5,0.24545454545454545,575.0,5.0
Kiwifruit (1 medium),Fruit,46,0.9,11.1,0.4,2.3,6.7,2,0,Snack,0,12.4,0.07258064516129033,0.8951612903225806,0.03225806451612903,51.6,-5.600000000000001
Beef Jerky (1 oz),Snack/Processed,116,9.4,3.1,7.2,0.5,2.5,590,30,Snack,0,19.7,0.4771573604060914,0.15736040609137056,0.3654822335025381,114.8,1.2000000000000028
Figs (2 medium),Fruit,74,0.6,19.2,0.3,2.9,16.2,2,0,Snack,0,20.1,0.029850746268656712,0.9552238805970148,0.014925373134328356,81.9,-7.900000000000006
Lobster (3oz steamed),Protein/Seafood,76,16.0,0.0,0.7,0.0,0.0,250,125,Dinner,250,16.7,0.9580838323353293,0.0,0.041916167664670656,70.3,5.700000000000003
Melted Butter (for lobster),Condiment,200,0.2,0.0,22.0,0.0,0.0,164,60,Dinner,0,22.2,0.009009009009009009,0.0,0.990990990990991,198.8,1.1999999999999886
Corn on the Cob (1 large),Vegetable,125,5.0,29.0,1.5,3.0,5.0,2,0,Dinner,0,35.5,0.14084507042253522,0.8169014084507042,0.04225352112676056,149.5,-24.5
Vegetable Soup (1 can),Meal/Vegetable,140,4.0,22.0,4.0,6.0,8.0,780,5,Lunch,250,30.0,0.13333333333333333,0.7333333333333333,0.13333333333333333,140.0,0.0
Saltine Crackers (5 crackers),Grain/Processed,60,1.0,10.0,1.5,0.5,0.0,140,0,Lunch,0,12.5,0.08,0.8,0.12,57.5,2.5
Mango (1 cup slices),Fruit,99,1.4,24.7,0.6,2.6,22.5,2,0,Snack,0,26.7,0.05243445692883895,0.9250936329588015,0.02247191011235955,109.8,-10.799999999999997
Cheesecake (1 slice),Dessert,320,5.0,28.0,21.0,1.0,20.0,280,65,Snack,250,54.0,0.09259259259259259,0.5185185185185185,0.3888888888888889,321.0,-1.0
Pad Thai (Chicken 1.5 cups),Meal/Pasta,550,25.0,60.0,22.0,5.0,10.0,950,70,Dinner,500,107.0,0.2336448598130841,0.5607476635514018,0.205607476635514,538.0,12.0
Spring Roll (Veg 2 rolls),Snack/Processed,180,4.0,25.0,7.0,3.0,3.0,450,0,Dinner,0,36.0,0.1111111111111111,0.6944444444444444,0.19444444444444445,179.0,1.0
Coconut Water (1 cup),Beverage,46,1.7,8.9,0.5,2.6,6.3,252,0,Snack,240,11.1,0.15315315315315314,0.8018018018018018,0.04504504504504505,46.9,-0.8999999999999986
Kimchi (1/2 cup),Vegetable,22,1.7,4.0,0.4,2.4,1.5,750,0,Side,0,6.1000000000000005,0.2786885245901639,0.6557377049180327,0.06557377049180328,26.400000000000002,-4.400000000000002
Sashimi (Salmon 3 pcs),Protein/Fish,120,18.0,0.0,5.0,0.0,0.0,45,40,Lunch,0,23.0,0.782608695652174,0.0,0.21739130434782608,117.0,3.0
Wasabi (1 tsp),Condiment,10,0.1,2.2,0.1,0.3,1.0,40,0,Lunch,0,2.4000000000000004,0.041666666666666664,0.9166666666666666,0.041666666666666664,10.100000000000001,-0.10000000000000142
Seaweed Salad (1/2 cup),Vegetable,60,2.0,8.0,3.0,2.0,4.0,350,0,Lunch,0,13.0,0.15384615384615385,0.6153846153846154,0.23076923076923078,67.0,-7.0
French Onion Soup (1 cup),Meal,150,6.0,15.0,7.0,2.0,5.0,800,20,Lunch,250,28.0,0.21428571428571427,0.5357142857142857,0.25,147.0,3.0
Croutons (1/4 cup),Grain,50,1.5,7.0,2.0,0.5,0.5,140,0,Lunch,0,10.5,0.14285714285714285,0.6666666666666666,0.19047619047619047,52.0,-2.0
Shepherd's Pie (1 serving),Meal/Meat,400,20.0,35.0,20.0,6.0,7.0,850,55,Dinner,250,75.0,0.26666666666666666,0.4666666666666667,0.26666666666666666,400.0,0.0
Green Peas (1/2 cup),Legume,62,4.1,11.1,0.2,4.4,4.2,2,0,Dinner,0,15.399999999999999,0.2662337662337662,0.7207792207792209,0.01298701298701299,62.599999999999994,-0.5999999999999943
Apple Pie (1 slice),Dessert,410,3.0,58.0,19.0,3.0,25.0,320,0,Snack,0,80.0,0.0375,0.725,0.2375,415.0,-5.0
Gin & Tonic (1 drink),Beverage,170,0.0,13.0,0.0,0.0,13.0,2,0,Snack,180,13.0,0.0,1.0,0.0,52.0,118.0
Red Wine (5 oz glass),Beverage,125,0.1,3.8,0.0,0.0,0.9,6,0,Dinner,0,3.9,0.025641025641025644,0.9743589743589743,0.0,15.6,109.4
Halibut (4oz baked),Protein/Fish,125,24.0,0.0,2.5,0.0,0.0,60,40,Dinner,250,26.5,0.9056603773584906,0.0,0.09433962264150944,118.5,6.5
Quinoa Salad (1 cup),Meal/Vegetarian,260,9.0,32.0,12.0,6.0,4.0,300,0,Lunch,250,53.0,0.16981132075471697,0.6037735849056604,0.22641509433962265,272.0,-12.0
Lemonade (1 cup),Beverage,99,0.1,26.0,0.0,0.1,25.0,30,0,Snack,240,26.1,0.0038314176245210726,0.9961685823754789,0.0,104.4,-5.400000000000006
Pistachios (1 oz shelled),Nut,159,5.7,7.7,12.8,3.0,2.2,2,0,Snack,0,26.200000000000003,0.21755725190839692,0.29389312977099236,0.48854961832061067,168.8,-9.800000000000011
Oat Milk (1 cup),Beverage/Dairy-Alt,120,3.0,16.0,5.0,2.0,7.0,100,0,Breakfast,0,24.0,0.125,0.6666666666666666,0.20833333333333334,121.0,-1.0
Biscuits and Gravy (1 serving),Meal/Processed,480,10.0,45.0,28.0,2.0,3.0,1100,35,Breakfast,250,83.0,0.12048192771084337,0.5421686746987951,0.3373493975903614,472.0,8.0
Avocado (1/2 fruit),Fruit,160,2.0,8.5,14.7,6.7,0.7,7,0,Breakfast,0,25.2,0.07936507936507936,0.3373015873015873,0.5833333333333334,174.29999999999998,-14.299999999999983
Corn Flakes (1 cup),Grain,100,2.0,24.0,0.0,1.0,3.0,200,0,Breakfast,0,26.0,0.07692307692307693,0.9230769230769231,0.0,104.0,-4.0
T-Bone Steak (6oz),Protein/Meat,460,38.0,0.0,33.0,0.0,0.0,110,105,Dinner,0,71.0,0.5352112676056338,0.0,0.4647887323943662,449.0,11.0
Creamed Spinach (1/2 cup),Vegetable,190,5.0,8.0,16.0,3.0,2.0,450,50,Dinner,0,29.0,0.1724137931034483,0.27586206896551724,0.5517241379310345,196.0,-6.0
Pecans (1 oz),Nut,196,2.6,3.9,20.4,2.7,1.1,0,0,Snack,0,26.9,0.09665427509293681,0.1449814126394052,0.758364312267658,209.6,-13.599999999999994
Fruit Cocktail (canned 1 cup),Fruit,110,1.0,28.0,0.0,2.0,26.0,10,0,Snack,0,29.0,0.034482758620689655,0.9655172413793104,0.0,116.0,-6.0
Ramen (Instant 1 pack),Meal/Processed,380,9.0,53.0,14.0,2.0,2.0,1580,0,Lunch,500,76.0,0.11842105263157894,0.6973684210526315,0.18421052631578946,374.0,6.0
Mocha Latte (16oz),Beverage,360,12.0,48.0,15.0,2.0,42.0,150,45,Snack,473,75.0,0.16,0.64,0.2,375.0,-15.0
Cucumber Slices (1 cup),Vegetable,16,0.7,3.6,0.1,0.5,1.7,2,0,Snack,0,4.3999999999999995,0.1590909090909091,0.8181818181818183,0.02272727272727273,18.099999999999998,-2.099999999999998
Feta Cheese (1 oz),Dairy,75,4.0,1.2,6.1,0.0,0.7,316,25,Lunch,0,11.3,0.35398230088495575,0.10619469026548671,0.5398230088495575,75.7,-0.7000000000000028
Olives (Kalamata 5 large),Fruit,35,0.2,1.0,3.5,0.5,0.0,210,0,Lunch,0,4.7,0.0425531914893617,0.2127659574468085,0.7446808510638298,36.3,-1.2999999999999972
Chicken Alfredo (1.5 cups),Meal/Pasta,680,35.0,45.0,38.0,4.0,5.0,980,120,Dinner,250,118.0,0.2966101694915254,0.3813559322033898,0.3220338983050847,662.0,18.0
Breadstick (1 large),Grain,160,4.0,28.0,3.0,1.0,2.0,350,0,Dinner,0,35.0,0.11428571428571428,0.8,0.08571428571428572,155.0,5.0
Cobb Salad,Meal/Protein,510,30.0,12.0,38.0,7.0,6.0,800,210,Lunch,500,80.0,0.375,0.15,0.475,510.0,0.0
Blue Cheese Dressing (2 tbsp),Condiment,150,1.0,2.0,16.0,0.0,1.0,320,10,Lunch,0,19.0,0.05263157894736842,0.10526315789473684,0.8421052631578947,156.0,-6.0
Mandarin Orange (1 medium),Fruit,37,0.6,9.3,0.2,1.3,7.3,1,0,Snack,0,10.1,0.0594059405940594,0.9207920792079209,0.019801980198019802,41.4,-4.399999999999999
Cashews (1 oz roasted),Nut,163,4.3,9.2,13.1,0.9,1.4,140,0,Snack,0,26.6,0.16165413533834586,0.3458646616541353,0.49248120300751874,171.89999999999998,-8.899999999999977
Eggo Waffle (2 waffles),Grain/Processed,180,4.0,30.0,5.0,1.0,4.0,400,0,Breakfast,0,39.0,0.10256410256410256,0.7692307692307693,0.1282051282051282,181.0,-1.0
Diet Soda (1 can),Beverage,0,0.0,0.0,0.0,0.0,0.0,40,0,Lunch,355,0.0,0.0,0.0,0.0,0.0,0.0
Pulled Pork Sandwich,Meal/Meat,480,25.0,48.0,20.0,3.0,15.0,900,75,Lunch,250,93.0,0.26881720430107525,0.5161290322580645,0.21505376344086022,472.0,8.0
Macadamia Nuts (1 oz),Nut,204,2.2,3.9,21.5,2.4,1.3,1,0,Snack,0,27.6,0.07971014492753624,0.14130434782608695,0.7789855072463767,217.9,-13.900000000000006
Crab Cakes (2 medium),Meal/Seafood,340,20.0,18.0,20.0,1.0,2.0,700,120,Dinner,250,58.0,0.3448275862068966,0.3103448275862069,0.3448275862068966,332.0,8.0
Tartar Sauce (2 tbsp),Condiment,60,0.2,2.0,5.5,0.1,1.5,180,5,Dinner,0,7.7,0.025974025974025976,0.2597402597402597,0.7142857142857143,58.3,1.7000000000000028
Lemon Bar (1 square),Dessert,150,1.5,22.0,6.0,0.5,15.0,80,30,Snack,0,29.5,0.05084745762711865,0.7457627118644068,0.2033898305084746,148.0,2.0
Almond Milk (Unsweetened 1 cup),Beverage/Dairy-Alt,30,1.0,1.0,2.5,1.0,0.0,160,0,Breakfast,240,4.5,0.2222222222222222,0.2222222222222222,0.5555555555555556,30.5,-0.5
Rice Krispies (1.5 cups),Grain,160,3.0,37.0,0.5,0.5,4.0,290,0,Breakfast,0,40.5,0.07407407407407407,0.9135802469135802,0.012345679012345678,164.5,-4.5
Sugar (1 tsp for cereal),Condiment,16,0.0,4.0,0.0,0.0,4.0,0,0,Breakfast,0,4.0,0.0,1.0,0.0,16.0,0.0
Tuna (Canned 3oz in water),Protein/Fish,90,20.0,0.0,1.0,0.0,0.0,250,35,Lunch,0,21.0,0.9523809523809523,0.0,0.047619047619047616,89.0,1.0
Mayonnaise (1 tbsp),Condiment,90,0.1,0.1,10.0,0.0,0.1,70,5,Lunch,0,10.2,0.009803921568627453,0.009803921568627453,0.9803921568627452,90.8,-0.7999999999999972
Pickle (1 spear dill),Vegetable,5,0.2,1.0,0.1,0.3,0.5,300,0,Lunch,0,1.3,0.15384615384615385,0.7692307692307692,0.07692307692307693,5.7,-0.7000000000000002
Lobster Bisque (1 cup),Meal/Seafood,250,8.0,12.0,18.0,1.0,3.0,850,50,Lunch,250,38.0,0.21052631578947367,0.3157894736842105,0.47368421052631576,242.0,8.0
Reuben Sandwich,Meal/Processed,650,28.0,35.0,40.0,5.0,6.0,1500,100,Lunch,500,103.0,0.27184466019417475,0.33980582524271846,0.3883495145631068,612.0,38.0
Sauerkraut (1/4 cup side),Vegetable,7,0.3,1.5,0.0,1.0,0.6,234,0,Lunch,0,1.8,0.16666666666666666,0.8333333333333333,0.0,7.2,-0.20000000000000018
Mushroom (White 1 cup sliced),Vegetable,15,2.2,2.3,0.2,0.7,1.4,4,0,Dinner,0,4.7,0.46808510638297873,0.4893617021276595,0.0425531914893617,19.8,-4.800000000000001
Soy Milk (Original 1 cup),Beverage/Dairy-Alt,110,8.0,9.0,4.5,2.0,6.0,125,0,Breakfast,240,21.5,0.37209302325581395,0.4186046511627907,0.20930232558139536,108.5,1.5
Chicken Tikka Masala (1.5 cups),Meal/Meat,480,30.0,20.0,30.0,5.0,8.0,900,95,Dinner,250,80.0,0.375,0.25,0.375,470.0,10.0
Naan Bread (1 piece),Grain,260,8.0,45.0,5.0,2.0,3.0,450,10,Dinner,0,58.0,0.13793103448275862,0.7758620689655172,0.08620689655172414,257.0,3.0
Cucumber Salad (1/2 cup),Vegetable,40,1.0,5.0,2.0,1.0,4.0,200,0,Dinner,0,8.0,0.125,0.625,0.25,42.0,-2.0
Vodka Soda (1 drink),Beverage,100,0.0,0.0,0.0,0.0,0.0,5,0,Snack,180,0.0,0.0,0.0,0.0,0.0,100.0
Chocolate Croissant,Dessert,350,6.0,40.0,19.0,3.0,15.0,300,40,Breakfast,250,65.0,0.09230769230769231,0.6153846153846154,0.2923076923076923,355.0,-5.0
Sweet & Sour Chicken (1 cup),Meal/Processed,380,18.0,45.0,15.0,3.0,25.0,750,50,Dinner,0,78.0,0.23076923076923078,0.5769230769230769,0.19230769230769232,387.0,-7.0
Egg Drop Soup (1 cup),Meal/Vegetable,65,5.0,6.0,2.0,0.5,1.0,780,50,Dinner,0,13.0,0.38461538461538464,0.46153846153846156,0.15384615384615385,62.0,3.0
String Cheese (1 stick),Dairy,80,6.0,1.0,6.0,0.0,0.0,210,20,Snack,0,13.0,0.46153846153846156,0.07692307692307693,0.46153846153846156,82.0,-2.0
Turkey Burger (1 patty),Protein/Meat,160,22.0,2.0,8.0,0.0,1.0,400,70,Lunch,250,32.0,0.6875,0.0625,0.25,168.0,-8.0
"Mustard (1 tbsp, yellow)",Condiment,10,0.5,1.0,0.5,0.5,0.0,160,0,Lunch,0,2.0,0.25,0.5,0.25,10.5,-0.5
Potato Salad (1/2 cup),Meal/Vegetable,180,2.0,19.0,11.0,2.0,3.0,500,10,Lunch,0,32.0,0.0625,0.59375,0.34375,183.0,-3.0
Cranberry Juice (1 cup),Beverage,130,0.0,33.0,0.0,0.0,30.0,10,0,Breakfast,240,33.0,0.0,1.0,0.0,132.0,-2.0
"Spinach (1 cup, raw)",Vegetable,7,0.9,1.1,0.1,0.7,0.1,24,0,Lunch,0,2.1,0.42857142857142855,0.5238095238095238,0.047619047619047616,8.9,-1.9000000000000004
Chicken Piccata (1 serving),Meal/Meat,350,30.0,10.0,20.0,1.0,2.0,600,90,Dinner,250,60.0,0.5,0.16666666666666666,0.3333333333333333,340.0,10.0
Angel Hair Pasta (1 cup),Grain,200,7.0,42.0,1.0,2.0,1.0,1,0,Dinner,0,50.0,0.14,0.84,0.02,205.0,-5.0
Olive Oil (1 tbsp),Condiment,120,0.0,0.0,14.0,0.0,0.0,0,0,Dinner,0,14.0,0.0,0.0,1.0,126.0,-6.0
Garlic (1 clove),Vegetable,4,0.2,0.9,0.0,0.1,0.0,1,0,Dinner,0,1.1,0.18181818181818182,0.8181818181818181,0.0,4.4,-0.40000000000000036
Salami (3 slices),Protein/Processed,110,6.0,1.0,9.0,0.0,0.5,500,30,Snack,0,16.0,0.375,0.0625,0.5625,109.0,1.0
Provolone Cheese (1 slice),Dairy,100,7.0,1.0,8.0,0.0,0.5,250,20,Snack,0,16.0,0.4375,0.0625,0.5,104.0,-4.0
Ginger Ale (1 can),Beverage,124,0.0,32.0,0.0,0.0,31.0,40,0,Snack,355,32.0,0.0,1.0,0.0,128.0,-4.0
Shrimp Scampi (1 cup),Meal/Seafood,380,22.0,40.0,15.0,3.0,3.0,750,140,Dinner,0,77.0,0.2857142857142857,0.5194805194805194,0.19480519480519481,383.0,-3.0
Tiramisu (1 slice),Dessert,450,7.0,42.0,28.0,2.0,25.0,150,180,Snack,250,77.0,0.09090909090909091,0.5454545454545454,0.36363636363636365,448.0,2.0
Cereal Bar (Fruit),Snack/Processed,140,2.0,30.0,3.0,1.0,15.0,110,0,Breakfast,250,35.0,0.05714285714285714,0.8571428571428571,0.08571428571428572,155.0,-15.0
Veal Parmesan (1 serving),Meal/Meat,550,40.0,30.0,30.0,4.0,7.0,1100,130,Dinner,250,100.0,0.4,0.3,0.3,550.0,0.0
Spaghetti (side),Grain,100,3.5,21.0,0.5,1.0,0.5,0,0,Dinner,0,25.0,0.14,0.84,0.02,102.5,-2.5
Hot Chocolate (1 cup),Beverage,200,3.0,30.0,8.0,2.0,25.0,160,10,Snack,240,41.0,0.07317073170731707,0.7317073170731707,0.1951219512195122,204.0,-4.0
Coconut Shrimp (5 pcs),Meal/Seafood,320,10.0,25.0,20.0,3.0,8.0,600,80,Dinner,0,55.0,0.18181818181818182,0.45454545454545453,0.36363636363636365,320.0,0.0
Sweet Chili Sauce (2 tbsp),Condiment,70,0.0,17.0,0.0,0.5,16.0,450,0,Dinner,0,17.0,0.0,1.0,0.0,68.0,2.0
White Wine (5 oz glass),Beverage,121,0.1,3.8,0.0,0.0,1.4,5,0,Dinner,0,3.9,0.025641025641025644,0.9743589743589743,0.0,15.6,105.4
Trail Mix (1/4 cup),Snack/Processed,190,5.0,20.0,12.0,3.0,14.0,50,0,Snack,250,37.0,0.13513513513513514,0.5405405405405406,0.32432432432432434,208.0,-18.0
Onion Rings (6 rings),Snack/Processed,280,4.0,30.0,16.0,3.0,4.0,500,0,Snack,0,50.0,0.08,0.6,0.32,280.0,0.0
Poached Egg (1 large),Protein,72,6.3,0.4,4.8,0.0,0.4,140,185,Breakfast,0,11.5,0.5478260869565217,0.034782608695652174,0.41739130434782606,70.0,2.0
Canadian Bacon (2 slices),Protein/Meat,80,12.0,1.0,3.0,0.0,1.0,650,40,Breakfast,0,16.0,0.75,0.0625,0.1875,79.0,1.0
Eggs Benedict (1 serving),Meal/Protein,600,25.0,30.0,40.0,3.0,4.0,1100,450,Breakfast,250,95.0,0.2631578947368421,0.3157894736842105,0.42105263157894735,580.0,20.0
Hollandaise Sauce (2 tbsp),Condiment,110,1.0,0.5,12.0,0.0,0.2,150,50,Breakfast,0,13.5,0.07407407407407407,0.037037037037037035,0.8888888888888888,114.0,-4.0
Spinach Artichoke Dip (1/4 cup),Snack/Processed,160,5.0,6.0,14.0,2.0,2.0,350,30,Snack,0,25.0,0.2,0.24,0.56,170.0,-10.0
Tortilla Chips (1 oz),Snack/Processed,140,2.0,19.0,7.0,2.0,0.5,120,0,Snack,0,28.0,0.07142857142857142,0.6785714285714286,0.25,147.0,-7.0
Chicken Kebab (2 skewers),Meal/Meat,280,30.0,8.0,14.0,3.0,4.0,500,85,Dinner,250,52.0,0.5769230769230769,0.15384615384615385,0.2692307692307692,278.0,2.0
Bell Peppers & Onions (sautéed),Vegetable,60,1.5,10.0,2.0,3.0,6.0,30,0,Dinner,0,13.5,0.1111111111111111,0.7407407407407407,0.14814814814814814,64.0,-4.0
Hummus Wrap (large),Meal/Vegetarian,450,15.0,60.0,18.0,12.0,5.0,800,0,Lunch,500,93.0,0.16129032258064516,0.6451612903225806,0.1935483870967742,462.0,-12.0
Kombucha (1 cup),Beverage,30,0.0,7.0,0.0,0.0,6.0,10,0,Snack,240,7.0,0.0,1.0,0.0,28.0,2.0
Beef Stroganoff (1.5 cups),Meal/Pasta,550,30.0,40.0,28.0,4.0,6.0,900,100,Dinner,0,98.0,0.30612244897959184,0.40816326530612246,0.2857142857142857,532.0,18.0
Egg Noodles (1 cup cooked),Grain,220,8.0,40.0,3.0,2.0,2.0,20,50,Dinner,0,51.0,0.1568627450980392,0.7843137254901961,0.058823529411764705,219.0,1.0
Cottage Cheese (1 cup low fat),Dairy,160,28.0,6.0,2.5,0.0,4.0,820,10,Lunch,250,36.5,0.7671232876712328,0.1643835616438356,0.0684931506849315,158.5,1.5
Tomato (1 medium sliced),Vegetable,22,1.1,4.8,0.2,1.5,3.2,6,0,Lunch,0,6.1000000000000005,0.18032786885245902,0.7868852459016392,0.03278688524590164,25.400000000000002,-3.400000000000002
Black Pepper (1 tsp),Condiment,6,0.2,1.5,0.1,0.6,0.0,0,0,Lunch,0,1.8,0.11111111111111112,0.8333333333333333,0.05555555555555556,7.7,-1.7000000000000002
Chocolate Pudding (1/2 cup),Dessert,150,2.0,28.0,4.0,2.0,22.0,130,2,Snack,0,34.0,0.058823529411764705,0.8235294117647058,0.11764705882352941,156.0,-6.0
Mackerel (3oz cooked),Protein/Fish,175,16.0,0.0,12.0,0.0,0.0,75,65,Dinner,0,28.0,0.5714285714285714,0.0,0.42857142857142855,172.0,3.0
Collard Greens (1 cup cooked),Vegetable,60,5.0,10.0,1.0,7.0,1.0,40,0,Dinner,0,16.0,0.3125,0.625,0.0625,69.0,-9.0
Ham (3oz deli sliced),Protein/Meat,110,16.0,2.0,4.0,0.0,1.5,950,45,Lunch,0,22.0,0.7272727272727273,0.09090909090909091,0.18181818181818182,108.0,2.0
Swiss Cheese (1 slice),Dairy,106,7.6,1.0,8.0,0.0,0.4,54,26,Lunch,0,16.6,0.45783132530120474,0.06024096385542168,0.48192771084337344,106.4,-0.4000000000000057
Rye Bread (1 slice),Grain,83,2.7,15.5,1.1,1.9,1.2,170,0,Lunch,0,19.3,0.13989637305699482,0.8031088082901554,0.05699481865284974,82.7,0.29999999999999716
Potato Leek Soup (1 cup),Meal/Vegetable,180,4.0,25.0,7.0,3.0,4.0,650,15,Lunch,250,36.0,0.1111111111111111,0.6944444444444444,0.19444444444444445,179.0,1.0
Brie Cheese (1 oz),Dairy,95,6.0,0.1,7.9,0.0,0.1,178,28,Snack,0,14.0,0.42857142857142855,0.0071428571428571435,0.5642857142857143,95.5,-0.5
Water Cracker (5 crackers),Grain/Processed,70,1.5,12.0,1.5,0.5,0.0,150,0,Snack,0,15.0,0.1,0.8,0.1,67.5,2.5
Grapefruit (1/2 medium),Fruit,52,1.1,13.2,0.2,2.0,8.5,0,0,Breakfast,0,14.499999999999998,0.07586206896551725,0.9103448275862069,0.013793103448275865,58.99999999999999,-6.999999999999993
Veggie Straws (1 oz),Snack/Processed,130,1.0,17.0,7.0,1.0,1.0,220,0,Snack,0,25.0,0.04,0.68,0.28,135.0,-5.0
Fish Tacos (2 tacos),Meal/Fish,420,25.0,40.0,18.0,6.0,5.0,700,60,Dinner,500,83.0,0.30120481927710846,0.4819277108433735,0.21686746987951808,422.0,-2.0
Cabbage Slaw (side),Vegetable,60,1.0,8.0,3.0,2.0,5.0,120,5,Dinner,0,12.0,0.08333333333333333,0.6666666666666666,0.25,63.0,-3.0
Lime (juice of 1),Condiment,11,0.2,3.7,0.0,0.4,0.7,1,0,Dinner,0,3.9000000000000004,0.05128205128205128,0.9487179487179487,0.0,15.600000000000001,-4.600000000000001
Beer (12 oz light),Beverage,103,0.9,5.8,0.0,0.0,0.3,10,0,Snack,355,6.7,0.13432835820895522,0.8656716417910447,0.0,26.8,76.2
Danish (Cheese 1 medium),Dessert,340,7.0,38.0,18.0,2.0,16.0,300,55,Breakfast,250,63.0,0.1111111111111111,0.6031746031746031,0.2857142857142857,342.0,-2.0
Kefir (Plain 1 cup),Beverage/Dairy,104,10.0,10.0,2.5,0.0,9.0,100,10,Breakfast,240,22.5,0.4444444444444444,0.4444444444444444,0.1111111111111111,102.5,1.5
Gnocchi (1 cup),Meal/Pasta,210,4.5,45.0,1.5,3.0,2.0,480,0,Dinner,0,51.0,0.08823529411764706,0.8823529411764706,0.029411764705882353,211.5,-1.5
Pesto Sauce (1/4 cup),Condiment,260,5.0,4.0,26.0,2.0,1.0,550,5,Dinner,0,35.0,0.14285714285714285,0.11428571428571428,0.7428571428571429,270.0,-10.0
Pine Nuts (1 tbsp),Nut,95,2.0,2.0,10.0,0.5,0.5,0,0,Dinner,0,14.0,0.14285714285714285,0.14285714285714285,0.7142857142857143,106.0,-11.0
Chai Latte (12 oz),Beverage,190,7.0,32.0,4.0,1.0,30.0,105,15,Snack,355,43.0,0.16279069767441862,0.7441860465116279,0.09302325581395349,192.0,-2.0
Manicotti (2 shells cheese),Meal/Pasta,380,20.0,35.0,18.0,4.0,7.0,650,60,Dinner,0,73.0,0.273972602739726,0.4794520547945205,0.2465753424657534,382.0,-2.0
Italian Sausage (1 link),Protein/Meat,200,12.0,3.0,16.0,0.0,1.0,550,50,Dinner,0,31.0,0.3870967741935484,0.0967741935483871,0.5161290322580645,204.0,-4.0
Jicama (1 cup sticks),Vegetable,46,0.9,10.6,0.1,5.8,2.1,5,0,Snack,0,11.6,0.07758620689655173,0.9137931034482759,0.008620689655172414,46.9,-0.8999999999999986
Chili Powder (1 tsp),Condiment,8,0.3,1.4,0.4,0.9,0.2,10,0,Snack,0,2.1,0.14285714285714285,0.6666666666666666,0.19047619047619047,10.4,-2.4000000000000004
Ants on a Log (4 pcs),Snack,180,6.0,12.0,12.0,3.0,7.0,120,0,Snack,250,30.0,0.2,0.4,0.4,180.0,0.0
Split Pea Soup (1 cup),Meal/Legume,180,11.0,30.0,2.0,10.0,6.0,700,5,Lunch,250,43.0,0.2558139534883721,0.6976744186046512,0.046511627906976744,182.0,-2.0
Ham & Cheese Croissant,Meal/Processed,400,15.0,35.0,22.0,2.0,6.0,750,60,Breakfast,250,72.0,0.20833333333333334,0.4861111111111111,0.3055555555555556,398.0,2.0
Espresso (double shot),Beverage,5,0.5,0.0,0.1,0.0,0.0,1,0,Breakfast,60,0.6,0.8333333333333334,0.0,0.16666666666666669,2.9,2.1
Ricotta Cheese (1/4 cup),Dairy,85,5.5,2.5,6.0,0.0,1.0,50,24,Dinner,0,14.0,0.39285714285714285,0.17857142857142858,0.42857142857142855,86.0,-1.0
Chicken & Rice Soup (1 can),Meal/Processed,130,7.0,18.0,3.0,2.0,2.0,850,15,Lunch,250,28.0,0.25,0.6428571428571429,0.10714285714285714,127.0,3.0
Salt (1/4 tsp),Condiment,0,0.0,0.0,0.0,0.0,0.0,580,0,Dinner,0,0.0,0.0,0.0,0.0,0.0,0.0
Guava,Fruit,68,2.6,14.3,0.9,5.4,8.9,3,0,Snack,0,17.8,0.14606741573033707,0.8033707865168539,0.05056179775280899,75.7,-7.700000000000003
Club Sandwich,Meal/Processed,580,35.0,40.0,30.0,5.0,7.0,1300,95,Lunch,500,105.0,0.3333333333333333,0.38095238095238093,0.2857142857142857,570.0,10.0
Pickle (1 whole dill),Vegetable,17,0.8,3.7,0.2,1.5,1.7,1200,0,Snack,0,4.7,0.1702127659574468,0.7872340425531915,0.0425531914893617,19.8,-2.8000000000000007
Turkey Chili (1 cup),Meal/Meat,250,22.0,25.0,7.0,8.0,6.0,750,50,Dinner,250,54.0,0.4074074074074074,0.46296296296296297,0.12962962962962962,251.0,-1.0
Sour Cream (2 tbsp),Condiment/Dairy,60,0.8,1.3,5.8,0.0,0.8,25,12,Dinner,0,7.9,0.10126582278481013,0.16455696202531644,0.7341772151898733,60.599999999999994,-0.5999999999999943
Shredded Cheese (Cheddar 1/4 cup),Dairy,115,7.0,1.0,9.5,0.0,0.5,180,30,Dinner,0,17.5,0.4,0.05714285714285714,0.5428571428571428,117.5,-2.5
Matcha Latte (12 oz),Beverage,180,6.0,28.0,5.0,2.0,25.0,90,20,Snack,355,39.0,0.15384615384615385,0.717948717948718,0.1282051282051282,181.0,-1.0
Chocolate Donut (1 medium),Dessert,300,4.0,35.0,17.0,2.0,18.0,230,20,Breakfast,0,56.0,0.07142857142857142,0.625,0.30357142857142855,309.0,-9.0
Tuna Melt,Meal/Processed,450,25.0,32.0,25.0,3.0,4.0,900,50,Lunch,250,82.0,0.3048780487804878,0.3902439024390244,0.3048780487804878,453.0,-3.0
Apple Cider (1 cup),Beverage,117,0.1,29.0,0.3,0.5,27.0,10,0,Snack,240,29.400000000000002,0.003401360544217687,0.9863945578231291,0.01020408163265306,119.10000000000001,-2.1000000000000085
Beef Burrito (large),Meal/Processed,650,30.0,70.0,28.0,10.0,5.0,1400,70,Dinner,500,128.0,0.234375,0.546875,0.21875,652.0,-2.0
Pico de Gallo (1/4 cup),Condiment,15,0.5,3.0,0.0,1.0,2.0,200,0,Dinner,0,3.5,0.14285714285714285,0.8571428571428571,0.0,14.0,1.0
Corn Tortilla (1 medium),Grain,52,1.4,11.2,0.7,1.5,0.2,4,0,Dinner,0,13.299999999999999,0.10526315789473685,0.8421052631578948,0.052631578947368425,56.699999999999996,-4.699999999999996
Mussels (3oz steamed),Protein/Seafood,146,20.0,6.0,4.0,0.0,0.0,310,48,Dinner,0,30.0,0.6666666666666666,0.2,0.13333333333333333,140.0,6.0
White Wine Sauce (1/4 cup),Condiment,80,1.0,4.0,6.0,0.5,2.0,300,5,Dinner,0,11.0,0.09090909090909091,0.36363636363636365,0.5454545454545454,74.0,6.0
French Bread (2 slices),Grain,180,6.0,36.0,1.0,2.0,2.0,380,0,Dinner,0,43.0,0.13953488372093023,0.8372093023255814,0.023255813953488372,177.0,3.0
Blackberries (1 cup),Fruit,62,2.0,13.8,0.7,7.6,4.9,1,0,Snack,0,16.5,0.12121212121212122,0.8363636363636364,0.04242424242424242,69.5,-7.5
Cheese Danish,Dessert,340,7.0,38.0,18.0,2.0,16.0,300,55,Breakfast,250,63.0,0.1111111111111111,0.6031746031746031,0.2857142857142857,342.0,-2.0
Chicken Salad Sandwich,Meal/Processed,420,20.0,35.0,20.0,3.0,5.0,850,60,Lunch,250,75.0,0.26666666666666666,0.4666666666666667,0.26666666666666666,400.0,20.0
Soyrizo (2 oz),Protein/Vegetarian,140,10.0,6.0,9.0,3.0,2.0,450,0,Breakfast,0,25.0,0.4,0.24,0.36,145.0,-5.0
Hash Browns (1 cup),Vegetable,330,3.0,38.0,19.0,3.0,1.0,550,0,Breakfast,0,60.0,0.05,0.6333333333333333,0.31666666666666665,335.0,-5.0
Ketchup (1 packet),Condiment,10,0.1,2.5,0.0,0.1,2.0,90,0,Breakfast,0,2.6,0.038461538461538464,0.9615384615384615,0.0,10.4,-0.40000000000000036
Philly Cheesesteak (6 inch),Meal/Processed,500,25.0,40.0,28.0,3.0,5.0,1100,70,Lunch,500,93.0,0.26881720430107525,0.43010752688172044,0.3010752688172043,512.0,-12.0
Cheese Whiz (2 tbsp),Condiment/Processed,90,4.0,3.0,7.0,0.0,2.0,540,20,Lunch,0,14.0,0.2857142857142857,0.21428571428571427,0.5,91.0,-1.0
Onions (sautéed 1/4 cup),Vegetable,30,0.5,5.0,1.0,1.0,3.0,5,0,Lunch,0,6.5,0.07692307692307693,0.7692307692307693,0.15384615384615385,31.0,-1.0
Raspberries (1 cup),Fruit,64,1.5,14.7,0.8,8.0,5.4,1,0,Snack,0,17.0,0.08823529411764706,0.8647058823529411,0.047058823529411764,72.0,-8.0
Cheesy Grits (1 cup),Meal/Grain,210,6.0,34.0,6.0,2.0,1.0,550,20,Breakfast,0,46.0,0.13043478260869565,0.7391304347826086,0.13043478260869565,214.0,-4.0
Collard Greens (with ham hock),Vegetable,180,10.0,15.0,9.0,8.0,3.0,600,30,Dinner,0,34.0,0.29411764705882354,0.4411764705882353,0.2647058823529412,181.0,-1.0
Fried Okra (1 cup),Vegetable,220,4.0,25.0,12.0,5.0,3.0,450,10,Dinner,0,41.0,0.0975609756097561,0.6097560975609756,0.2926829268292683,224.0,-4.0
Sweet Tea (16 oz),Beverage,180,0.0,46.0,0.0,0.0,46.0,15,0,Lunch,473,46.0,0.0,1.0,0.0,184.0,-4.0
Gyro (1 sandwich),Meal/Meat,600,25.0,55.0,30.0,5.0,6.0,1200,80,Dinner,250,110.0,0.22727272727272727,0.5,0.2727272727272727,590.0,10.0
Pita Bread (White 1 large),Grain,220,7.0,45.0,2.0,2.0,2.0,440,0,Dinner,0,54.0,0.12962962962962962,0.8333333333333334,0.037037037037037035,226.0,-6.0
Tzatziki Sauce (2 tbsp),Condiment,30,1.5,2.0,2.0,0.0,1.5,100,5,Dinner,0,5.5,0.2727272727272727,0.36363636363636365,0.36363636363636365,32.0,-2.0
Baklava (1 piece),Dessert,280,3.0,30.0,18.0,2.0,20.0,80,10,Snack,0,51.0,0.058823529411764705,0.5882352941176471,0.35294117647058826,294.0,-14.0
Coconut (shredded 1/4 cup),Fruit,110,1.0,4.5,10.5,2.0,1.5,3,0,Snack,0,16.0,0.0625,0.28125,0.65625,116.5,-6.5
S'more (1 serving),Dessert,140,2.0,25.0,4.0,1.0,15.0,90,0,Snack,0,31.0,0.06451612903225806,0.8064516129032258,0.12903225806451613,144.0,-4.0
Graham Cracker (1 large rectangle),Grain/Processed,60,1.0,11.0,1.5,0.5,4.0,70,0,Snack,0,13.5,0.07407407407407407,0.8148148148148148,0.1111111111111111,61.5,-1.5
Marshmallow (1 large),Dessert,23,0.1,5.8,0.0,0.0,4.0,5,0,Snack,0,5.8999999999999995,0.016949152542372885,0.9830508474576272,0.0,23.599999999999998,-0.5999999999999979
Chocolate (Hershey's bar 1 segment),Dessert,25,0.3,3.0,1.5,0.2,2.8,4,1,Snack,0,4.8,0.0625,0.625,0.3125,26.7,-1.6999999999999993
Chicken Parm Sandwich,Meal/Processed,650,40.0,55.0,30.0,6.0,9.0,1400,100,Lunch,500,125.0,0.32,0.44,0.24,650.0,0.0
Mozzarella (1 slice),Dairy,80,6.0,1.0,6.0,0.0,0.5,150,20,Lunch,0,13.0,0.46153846153846156,0.07692307692307693,0.46153846153846156,82.0,-2.0
Bread Roll (hoagie),Grain,200,6.0,38.0,2.0,2.0,3.0,400,0,Lunch,0,46.0,0.13043478260869565,0.8260869565217391,0.043478260869565216,194.0,6.0
Artichoke (1 medium steamed),Vegetable,60,4.2,13.4,0.2,6.9,1.2,112,0,Dinner,0,17.8,0.23595505617977527,0.7528089887640449,0.011235955056179775,72.2,-12.200000000000003
Mayonnaise (1 tbsp for dipping),Condiment,90,0.1,0.1,10.0,0.0,0.1,70,5,Dinner,0,10.2,0.009803921568627453,0.009803921568627453,0.9803921568627452,90.8,-0.7999999999999972
Calamari (fried 3oz),Meal/Seafood,150,13.0,8.0,7.0,1.0,1.0,600,220,Dinner,0,28.0,0.4642857142857143,0.2857142857142857,0.25,147.0,3.0
Lemon Wedge (for calamari),Condiment,3,0.1,1.0,0.0,0.3,0.2,0,0,Dinner,0,1.1,0.09090909090909091,0.9090909090909091,0.0,4.4,-1.4000000000000004
Root Beer (1 can),Beverage,150,0.0,40.0,0.0,0.0,40.0,55,0,Snack,355,40.0,0.0,1.0,0.0,160.0,-10.0
Chicken McNuggets (6 pcs),Meal/Processed,270,15.0,16.0,16.0,1.0,0.0,500,40,Lunch,0,47.0,0.3191489361702128,0.3404255319148936,0.3404255319148936,268.0,2.0
BBQ Sauce (2 tbsp),Condiment,60,0.5,15.0,0.0,0.5,12.0,350,0,Lunch,0,15.5,0.03225806451612903,0.967741935483871,0.0,62.0,-2.0
Honey (1 tbsp),Condiment,64,0.1,17.3,0.0,0.0,17.2,1,0,Breakfast,0,17.400000000000002,0.005747126436781609,0.9942528735632183,0.0,69.60000000000001,-5.6000000000000085
Tofu Scramble,Meal/Vegetarian,250,20.0,8.0,16.0,4.0,3.0,300,0,Breakfast,250,44.0,0.45454545454545453,0.18181818181818182,0.36363636363636365,256.0,-6.0
Turmeric (1 tsp),Condiment,9,0.3,1.9,0.1,0.7,0.1,1,0,Breakfast,0,2.3,0.13043478260869565,0.8260869565217391,0.04347826086956522,9.7,-0.6999999999999993
Nutritional Yeast (1 tbsp),Condiment,20,3.0,2.0,0.0,1.0,0.0,10,0,Breakfast,0,5.0,0.6,0.4,0.0,20.0,0.0
Seitan (3oz),Protein/Vegetarian,90,18.0,4.0,1.0,1.0,1.0,300,0,Dinner,0,23.0,0.782608695652174,0.17391304347826086,0.043478260869565216,97.0,-7.0
Vegetable Broth (1 cup),Beverage,15,1.0,3.0,0.0,1.0,2.0,550,0,Dinner,240,4.0,0.25,0.75,0.0,16.0,-1.0
Mashed Cauliflower (1 cup),Vegetable,140,5.0,12.0,8.0,5.0,4.0,400,25,Dinner,0,25.0,0.2,0.48,0.32,140.0,0.0
Peanut Sauce (2 tbsp),Condiment,80,2.0,4.0,6.0,1.0,3.0,250,0,Dinner,0,12.0,0.16666666666666666,0.3333333333333333,0.5,78.0,2.0
Tempeh (3oz),Protein/Vegetarian,160,16.0,8.0,9.0,5.0,0.0,10,0,Lunch,0,33.0,0.48484848484848486,0.24242424242424243,0.2727272727272727,177.0,-17.0
Sauerkraut (1/2 cup),Vegetable,14,0.7,3.1,0.1,2.0,1.2,468,0,Lunch,0,3.9,0.1794871794871795,0.7948717948717949,0.025641025641025644,16.099999999999998,-2.099999999999998
Rye Crispbread (2 slices),Grain,70,2.0,14.0,0.5,3.0,0.0,120,0,Lunch,0,16.5,0.12121212121212122,0.8484848484848485,0.030303030303030304,68.5,1.5
Capers (1 tbsp),Condiment,2,0.2,0.4,0.1,0.3,0.1,200,0,Dinner,0,0.7000000000000001,0.2857142857142857,0.5714285714285714,0.14285714285714285,3.3000000000000003,-1.3000000000000003
Chicken Liver (2 oz cooked),Protein/Meat,91,13.6,0.6,3.6,0.0,0.0,50,320,Dinner,0,17.8,0.7640449438202247,0.033707865168539325,0.20224719101123595,89.19999999999999,1.8000000000000114
Onion (1/2 cup raw chopped),Vegetable,32,0.9,7.5,0.1,1.4,3.8,3,0,Dinner,0,8.5,0.10588235294117647,0.8823529411764706,0.011764705882352941,34.5,-2.5
Bok Choy (1 cup steamed),Vegetable,10,1.5,2.0,0.1,1.0,1.0,40,0,Dinner,0,3.6,0.41666666666666663,0.5555555555555556,0.02777777777777778,14.9,-4.9
Gummy Bears (10 pcs),Snack/Dessert,100,2.0,22.0,0.0,0.0,15.0,10,0,Snack,0,24.0,0.08333333333333333,0.9166666666666666,0.0,96.0,4.0
Whiskey (1.5 oz shot),Beverage,105,0.0,0.1,0.0,0.0,0.1,1,0,Snack,0,0.1,0.0,1.0,0.0,0.4,104.6
Dates (2 medium Medjool),Fruit,133,0.8,36.0,0.1,3.2,32.0,1,0,Snack,0,36.9,0.021680216802168025,0.9756097560975611,0.002710027100271003,148.1,-15.099999999999994
Tahini (1 tbsp),Condiment,89,2.6,3.2,8.0,1.4,0.1,17,0,Snack,0,13.8,0.18840579710144928,0.2318840579710145,0.5797101449275363,95.2,-6.200000000000003
Chickpeas (1/2 cup canned),Legume,135,7.0,22.0,2.0,6.0,3.0,250,0,Lunch,0,31.0,0.22580645161290322,0.7096774193548387,0.06451612903225806,134.0,1.0
Lettuce (Romaine 2 cups),Vegetable,16,1.0,3.0,0.3,2.0,1.0,10,0,Lunch,0,4.3,0.23255813953488372,0.6976744186046512,0.06976744186046512,18.7,-2.6999999999999993
Italian Dressing (2 tbsp),Condiment,70,0.0,3.0,7.0,0.0,2.0,300,0,Lunch,0,10.0,0.0,0.3,0.7,75.0,-5.0
Croutons (1/4 cup),Grain,50,1.5,7.0,2.0,0.5,0.5,140,0,Lunch,0,10.5,0.14285714285714285,0.6666666666666666,0.19047619047619047,52.0,-2.0
Turkey Sausage (1 patty),Protein/Meat,70,9.0,1.0,4.0,0.0,0.5,280,35,Breakfast,0,14.0,0.6428571428571429,0.07142857142857142,0.2857142857142857,76.0,-6.0
Maple Syrup (1 tbsp),Condiment,52,0.0,13.5,0.0,0.0,12.0,1,0,Breakfast,0,13.5,0.0,1.0,0.0,54.0,-2.0
"Margarita (1 drink, 4oz)",Beverage,200,0.1,20.0,0.0,0.1,19.0,5,0,Snack,120,20.1,0.004975124378109453,0.9950248756218905,0.0,80.4,119.6
Quesadilla (Cheese 1 medium),Meal/Processed,400,18.0,35.0,22.0,3.0,2.0,700,50,Lunch,250,75.0,0.24,0.4666666666666667,0.29333333333333333,410.0,-10.0
Sour Cream (1 tbsp),Condiment/Dairy,30,0.4,0.6,2.9,0.0,0.4,12,6,Lunch,0,3.9,0.10256410256410257,0.15384615384615385,0.7435897435897436,30.099999999999998,-0.09999999999999787
Salsa (2 tbsp),Condiment,10,0.5,2.0,0.0,0.5,1.0,120,0,Lunch,0,2.5,0.2,0.8,0.0,10.0,0.0
Red Cabbage (1 cup raw),Vegetable,22,1.1,5.2,0.1,1.6,2.8,8,0,Dinner,0,6.4,0.171875,0.8125,0.015625,26.1,-4.100000000000001
Duck (3oz roasted),Protein/Meat,285,16.0,0.0,24.0,0.0,0.0,65,72,Dinner,0,40.0,0.4,0.0,0.6,280.0,5.0
Orange Sauce (1/4 cup for duck),Condiment,90,0.5,22.0,0.0,0.5,20.0,200,0,Dinner,0,22.5,0.022222222222222223,0.9777777777777777,0.0,90.0,0.0
Wild Rice (1 cup cooked),Grain,166,6.5,35.0,0.6,3.0,1.2,5,0,Dinner,0,42.1,0.1543942992874109,0.831353919239905,0.014251781472684084,171.4,-5.400000000000006
Cupcake (Vanilla 1 medium),Dessert,240,2.0,35.0,11.0,1.0,25.0,200,30,Snack,0,48.0,0.041666666666666664,0.7291666666666666,0.22916666666666666,247.0,-7.0
Frosting (Vanilla 2 tbsp),Condiment,140,0.0,22.0,6.0,0.0,22.0,65,0,Snack,0,28.0,0.0,0.7857142857142857,0.21428571428571427,142.0,-2.0
Hot Sauce (1 tsp Tabasco),Condiment,0,0.0,0.0,0.0,0.0,0.0,35,0,Breakfast,0,0.0,0.0,0.0,0.0,0.0,0.0
Bison Burger (1 patty),Protein/Meat,150,22.0,0.0,7.0,0.0,0.0,65,70,Lunch,250,29.0,0.7586206896551724,0.0,0.2413793103448276,151.0,-1.0
Pretzel Bun (1 medium),Grain,230,8.0,45.0,2.0,2.0,4.0,550,0,Lunch,0,55.0,0.14545454545454545,0.8181818181818182,0.03636363636363636,230.0,0.0
Spicy Mustard (1 tbsp),Condiment,10,0.5,1.0,0.5,0.5,0.0,120,0,Lunch,0,2.0,0.25,0.5,0.25,10.5,-0.5
Pasta Salad (1 cup),Meal/Pasta,280,8.0,30.0,14.0,4.0,5.0,450,10,Lunch,0,52.0,0.15384615384615385,0.5769230769230769,0.2692307692307692,278.0,2.0
Salami (3 slices),Protein/Processed,110,6.0,1.0,9.0,0.0,0.5,500,30,Lunch,0,16.0,0.375,0.0625,0.5625,109.0,1.0
Pepperoncini (2 peppers),Vegetable,10,0.5,2.0,0.0,1.0,1.0,350,0,Lunch,0,2.5,0.2,0.8,0.0,10.0,0.0
Coconut Milk (1/4 cup canned),Condiment,111,1.1,2.9,11.6,0.5,1.5,8,0,Dinner,0,15.6,0.07051282051282053,0.1858974358974359,0.7435897435897436,120.39999999999999,-9.399999999999991
Green Curry Paste (1 tbsp),Condiment,30,0.5,2.0,2.5,1.0,1.0,400,0,Dinner,0,5.0,0.1,0.4,0.5,32.5,-2.5
Chicken Thigh (1 roasted),Protein/Meat,210,24.0,0.0,13.0,0.0,0.0,90,120,Dinner,0,37.0,0.6486486486486487,0.0,0.35135135135135137,213.0,-3.0
Jasmine Rice (1 cup cooked),Grain,205,4.3,45.0,0.4,0.6,0.0,2,0,Dinner,0,49.699999999999996,0.08651911468812877,0.9054325955734407,0.008048289738430584,200.79999999999998,4.200000000000017
Thai Iced Tea (1 glass),Beverage,250,3.0,35.0,12.0,0.0,33.0,50,35,Snack,300,50.0,0.06,0.7,0.24,260.0,-10.0
Papaya (1 cup cubes),Fruit,62,0.6,15.7,0.4,2.5,11.0,12,0,Snack,0,16.7,0.03592814371257485,0.9401197604790419,0.023952095808383235,68.8,-6.799999999999997
Lime Juice (1 tbsp),Condiment,4,0.1,1.3,0.0,0.1,0.2,0,0,Snack,0,1.4000000000000001,0.07142857142857142,0.9285714285714285,0.0,5.6000000000000005,-1.6000000000000005
Macaroni Salad (1 cup),Meal/Pasta,380,8.0,30.0,25.0,3.0,6.0,750,20,Lunch,0,63.0,0.12698412698412698,0.47619047619047616,0.3968253968253968,377.0,3.0
Celery (1 stalk),Vegetable,6,0.3,1.2,0.1,0.6,0.5,32,0,Lunch,0,1.6,0.18749999999999997,0.7499999999999999,0.0625,6.9,-0.9000000000000004
Blue Cheese (1 oz),Dairy,100,6.0,0.7,8.0,0.0,0.1,325,21,Snack,0,14.7,0.40816326530612246,0.047619047619047616,0.54421768707483,98.8,1.2000000000000028
Dark Chocolate (1 oz 70%),Dessert,170,2.2,13.0,12.0,3.0,7.0,5,0,Snack,0,27.2,0.08088235294117647,0.47794117647058826,0.4411764705882353,168.8,1.1999999999999886
Acai Bowl (1 serving),Meal/Fruit,350,5.0,60.0,12.0,10.0,30.0,40,0,Breakfast,250,77.0,0.06493506493506493,0.7792207792207793,0.15584415584415584,368.0,-18.0
Granola (1/4 cup topping),Grain,120,3.0,15.0,6.0,3.0,7.0,20,0,Breakfast,0,24.0,0.125,0.625,0.25,126.0,-6.0
Coconut Flakes (1 tbsp topping),Fruit,35,0.3,1.5,3.3,0.7,0.5,1,0,Breakfast,0,5.1,0.058823529411764705,0.29411764705882354,0.6470588235294118,36.9,-1.8999999999999986
Honey (1 tsp drizzle),Condiment,21,0.0,5.8,0.0,0.0,5.8,0,0,Breakfast,0,5.8,0.0,1.0,0.0,23.2,-2.1999999999999993
Shrimp Cocktail (4 large shrimp),Protein/Seafood,60,10.0,1.0,1.0,0.0,0.5,300,110,Snack,0,12.0,0.8333333333333334,0.08333333333333333,0.08333333333333333,53.0,7.0
Cocktail Sauce (2 tbsp),Condiment,30,0.5,7.0,0.0,0.5,5.0,450,0,Snack,0,7.5,0.06666666666666667,0.9333333333333333,0.0,30.0,0.0
Pork Bun (1 steamed),Meal/Processed,220,8.0,30.0,8.0,2.0,6.0,400,20,Lunch,0,46.0,0.17391304347826086,0.6521739130434783,0.17391304347826086,224.0,-4.0
Dim Sum (Siu Mai 3 pcs),Meal/Processed,180,12.0,10.0,10.0,2.0,1.0,550,60,Lunch,0,32.0,0.375,0.3125,0.3125,178.0,2.0
Soy Sauce (1 tbsp for dipping),Condiment,9,1.0,1.0,0.0,0.1,0.4,920,0,Lunch,0,2.0,0.5,0.5,0.0,8.0,1.0
Oyster (1 medium raw),Protein/Seafood,8,1.0,0.5,0.2,0.0,0.0,50,10,Dinner,0,1.7,0.5882352941176471,0.29411764705882354,0.11764705882352942,7.8,0.20000000000000018
Mignonette Sauce (1 tbsp),Condiment,5,0.0,1.0,0.0,0.0,0.5,30,0,Dinner,0,1.0,0.0,1.0,0.0,4.0,1.0
Beef Pho (1 large bowl),Meal/Soup,450,30.0,55.0,12.0,4.0,5.0,1500,60,Dinner,500,97.0,0.30927835051546393,0.5670103092783505,0.12371134020618557,448.0,2.0
Bean Sprouts (1/4 cup garnish),Vegetable,8,0.8,1.5,0.1,0.4,1.0,1,0,Dinner,0,2.4,0.33333333333333337,0.625,0.04166666666666667,10.1,-2.0999999999999996
Thai Basil (garnish),Condiment,1,0.1,0.0,0.0,0.0,0.0,0,0,Dinner,0,0.1,1.0,0.0,0.0,0.4,0.6
Lime Wedge (garnish),Condiment,3,0.1,1.0,0.0,0.3,0.2,0,0,Dinner,0,1.1,0.09090909090909091,0.9090909090909091,0.0,4.4,-1.4000000000000004
Jalapeno (1 tbsp sliced),Vegetable,4,0.1,0.8,0.1,0.4,0.5,1,0,Dinner,0,1.0,0.1,0.8,0.1,4.5,-0.5
Hoisin Sauce (1 tbsp),Condiment,35,0.3,8.0,0.2,0.1,5.0,220,0,Dinner,0,8.5,0.03529411764705882,0.9411764705882353,0.023529411764705882,35.0,0.0
Sriracha (1 tsp),Condiment,5,0.1,1.0,0.1,0.1,0.8,80,0,Dinner,0,1.2000000000000002,0.08333333333333333,0.8333333333333333,0.08333333333333333,5.300000000000001,-0.3000000000000007
Crepe (1 plain),Grain,90,3.5,14.0,2.0,0.5,3.0,100,25,Breakfast,0,19.5,0.1794871794871795,0.717948717948718,0.10256410256410256,88.0,2.0
Nutella (1 tbsp),Condiment,100,1.5,11.0,6.0,1.0,10.0,10,0,Breakfast,0,18.5,0.08108108108108109,0.5945945945945946,0.32432432432432434,104.0,-4.0
Powdered Sugar (1 tsp),Condiment,10,0.0,2.5,0.0,0.0,2.5,0,0,Breakfast,0,2.5,0.0,1.0,0.0,10.0,0.0
Sake (3 oz),Beverage,117,0.4,3.8,0.0,0.0,0.0,4,0,Dinner,0,4.2,0.09523809523809523,0.9047619047619047,0.0,16.8,100.2
Edamame (in pod 1 cup),Legume,120,11.0,9.0,5.0,5.0,2.0,9,0,Snack,250,25.0,0.44,0.36,0.2,125.0,-5.0
Sea Salt (coarse 1/4 tsp),Condiment,0,0.0,0.0,0.0,0.0,0.0,550,0,Snack,0,0.0,0.0,0.0,0.0,0.0,0.0
Biryani (Chicken 1.5 cups),Meal/Meat,520,28.0,60.0,18.0,5.0,6.0,900,75,Dinner,0,106.0,0.2641509433962264,0.5660377358490566,0.16981132075471697,514.0,6.0
Raita (2 tbsp),Condiment/Dairy,30,1.0,2.0,2.0,0.5,1.5,100,5,Dinner,0,5.0,0.2,0.4,0.4,30.0,0.0
Lassi (Mango 1 cup),Beverage,180,5.0,30.0,4.0,1.0,28.0,60,15,Snack,240,39.0,0.1282051282051282,0.7692307692307693,0.10256410256410256,176.0,4.0
Samosa (1 piece vegetable),Snack/Processed,130,2.0,18.0,6.0,2.0,1.0,300,0,Snack,0,26.0,0.07692307692307693,0.6923076923076923,0.23076923076923078,134.0,-4.0
Tamarind Chutney (1 tbsp),Condiment,20,0.1,5.0,0.0,0.5,4.0,120,0,Snack,0,5.1,0.019607843137254905,0.9803921568627452,0.0,20.4,-0.3999999999999986
Mint Chutney (1 tbsp),Condiment,5,0.2,0.5,0.0,0.3,0.2,150,0,Snack,0,0.7,0.28571428571428575,0.7142857142857143,0.0,2.8,2.2
Pani Puri (6 pcs),Snack/Processed,200,4.0,35.0,5.0,3.0,2.0,400,0,Snack,0,44.0,0.09090909090909091,0.7954545454545454,0.11363636363636363,201.0,-1.0
Passion Fruit (1 fruit),Fruit,17,0.4,4.2,0.1,1.9,2.0,5,0,Snack,0,4.7,0.0851063829787234,0.8936170212765957,0.02127659574468085,19.3,-2.3000000000000007
Kimchi Jjigae (1 bowl),Meal/Soup,350,15.0,20.0,22.0,5.0,6.0,1200,30,Dinner,500,57.0,0.2631578947368421,0.3508771929824561,0.38596491228070173,338.0,12.0
Silken Tofu (3oz in soup),Protein/Vegetarian,45,5.0,2.0,2.5,0.5,1.0,5,0,Dinner,0,9.5,0.5263157894736842,0.21052631578947367,0.2631578947368421,50.5,-5.5
Pork Belly (1 oz in soup),Protein/Meat,145,3.0,0.0,15.0,0.0,0.0,150,20,Dinner,0,18.0,0.16666666666666666,0.0,0.8333333333333334,147.0,-2.0
Gochugaru (1 tsp),Condiment,10,0.3,1.8,0.3,0.5,0.3,1,0,Dinner,0,2.4,0.125,0.75,0.125,11.1,-1.0999999999999996
Gochujang (1 tbsp),Condiment,30,0.5,6.0,0.0,0.5,4.0,200,0,Dinner,0,6.5,0.07692307692307693,0.9230769230769231,0.0,26.0,4.0
Sesame Oil (1 tsp),Condiment,40,0.0,0.0,4.5,0.0,0.0,0,0,Dinner,0,4.5,0.0,0.0,1.0,40.5,-0.5
Fish Sauce (1 tsp),Condiment,5,0.4,0.5,0.0,0.0,0.4,450,0,Dinner,0,0.9,0.4444444444444445,0.5555555555555556,0.0,3.6,1.4
"Sugar (1 tsp, in broth)",Condiment,16,0.0,4.0,0.0,0.0,4.0,0,0,Dinner,0,4.0,0.0,1.0,0.0,16.0,0.0
Green Onion (1 tbsp garnish),Vegetable,3,0.2,0.7,0.0,0.2,0.2,0,0,Dinner,0,0.8999999999999999,0.22222222222222227,0.7777777777777778,0.0,3.5999999999999996,-0.5999999999999996
Kombucha (16 oz),Beverage,60,0.0,14.0,0.0,0.0,12.0,20,0,Snack,473,14.0,0.0,1.0,0.0,56.0,4.0
Beef Wellington (1 slice),Meal/Meat,600,30.0,35.0,38.0,4.0,4.0,850,100,Dinner,0,103.0,0.2912621359223301,0.33980582524271846,0.36893203883495146,602.0,-2.0
Pate (Mushroom 2 tbsp),Condiment,70,1.0,2.0,7.0,1.0,1.0,100,0,Dinner,0,10.0,0.1,0.2,0.7,75.0,-5.0
Puff Pastry (1 oz wrapper),Grain,115,1.5,9.0,8.0,0.5,0.0,100,0,Dinner,0,18.5,0.08108108108108109,0.4864864864864865,0.43243243243243246,114.0,1.0
Prosciutto (1 slice),Protein/Meat,35,4.0,0.0,2.5,0.0,0.0,280,10,Dinner,0,6.5,0.6153846153846154,0.0,0.38461538461538464,38.5,-3.5
Asparagus (6 spears roasted),Vegetable,40,4.0,4.0,2.0,3.0,2.0,150,0,Dinner,0,10.0,0.4,0.4,0.2,50.0,-10.0
Hollandaise Sauce (1 tbsp),Condiment,55,0.5,0.2,6.0,0.0,0.1,75,25,Dinner,0,6.7,0.07462686567164178,0.029850746268656716,0.8955223880597015,56.8,-1.7999999999999972
Flan (1 slice),Dessert,220,6.0,35.0,7.0,0.0,33.0,80,90,Snack,0,48.0,0.125,0.7291666666666666,0.14583333333333334,227.0,-7.0
Caramel Sauce (1 tbsp),Condiment,60,0.0,13.0,1.0,0.0,12.0,30,5,Snack,0,14.0,0.0,0.9285714285714286,0.07142857142857142,61.0,-1.0
Congee (1 cup plain),Meal/Grain,130,2.5,28.0,1.0,1.0,0.5,300,0,Breakfast,0,31.5,0.07936507936507936,0.8888888888888888,0.031746031746031744,131.0,-1.0
Pickled Radish (1/4 cup),Vegetable,15,0.5,3.0,0.0,1.0,2.0,250,0,Breakfast,0,3.5,0.14285714285714285,0.8571428571428571,0.0,14.0,1.0
Pork Floss (1 tbsp),Protein/Meat,50,4.0,3.0,2.0,0.0,2.5,150,10,Breakfast,0,9.0,0.4444444444444444,0.3333333333333333,0.2222222222222222,46.0,4.0
Century Egg (1 egg),Protein,100,7.0,1.0,7.0,0.0,0.5,300,200,Breakfast,0,15.0,0.4666666666666667,0.06666666666666667,0.4666666666666667,95.0,5.0
Arugula (2 cups),Vegetable,10,1.0,0.8,0.2,0.4,0.4,6,0,Lunch,0,2.0,0.5,0.4,0.1,9.0,1.0
Goat Cheese (1 oz),Dairy,103,6.1,0.1,8.5,0.0,0.1,146,22,Lunch,0,14.7,0.41496598639455784,0.006802721088435375,0.5782312925170068,101.3,1.7000000000000028
Beets (1/2 cup roasted),Vegetable,30,0.8,6.8,0.1,1.4,5.8,50,0,Lunch,0,7.699999999999999,0.10389610389610392,0.8831168831168832,0.01298701298701299,31.299999999999997,-1.2999999999999972
Walnuts (1 tbsp chopped),Nut,46,1.1,1.0,4.6,0.5,0.2,0,0,Lunch,0,6.699999999999999,0.16417910447761197,0.1492537313432836,0.6865671641791045,49.8,-3.799999999999997
Balsamic Glaze (1 tbsp),Condiment,40,0.0,9.0,0.0,0.0,8.0,10,0,Lunch,0,9.0,0.0,1.0,0.0,36.0,4.0
Bobotie (1 serving),Meal/Meat,450,25.0,30.0,25.0,5.0,15.0,700,150,Dinner,0,80.0,0.3125,0.375,0.3125,445.0,5.0
Yellow Rice (1 cup),Grain,230,4.0,50.0,1.0,2.0,1.0,300,0,Dinner,0,55.0,0.07272727272727272,0.9090909090909091,0.01818181818181818,225.0,5.0
Chutney (Mango 1 tbsp),Condiment,45,0.1,11.0,0.1,0.5,10.0,180,0,Dinner,0,11.2,0.00892857142857143,0.9821428571428572,0.00892857142857143,45.3,-0.29999999999999716
Malva Pudding (1 slice),Dessert,380,5.0,60.0,14.0,2.0,40.0,350,60,Snack,0,79.0,0.06329113924050633,0.759493670886076,0.17721518987341772,386.0,-6.0
Custard (1/4 cup),Condiment,80,3.0,10.0,3.0,0.0,8.0,40,40,Snack,0,16.0,0.1875,0.625,0.1875,79.0,1.0
Bubble Tea (16 oz milk tea),Beverage,320,2.0,70.0,4.0,1.0,60.0,100,10,Snack,473,76.0,0.02631578947368421,0.9210526315789473,0.05263157894736842,324.0,-4.0
Tapioca Pearls (1/4 cup boba),Condiment,100,0.0,25.0,0.0,0.0,20.0,5,0,Snack,0,25.0,0.0,1.0,0.0,100.0,0.0
Paella (1.5 cups seafood),Meal/Rice,550,30.0,70.0,18.0,6.0,5.0,1200,110,Dinner,0,118.0,0.2542372881355932,0.5932203389830508,0.15254237288135594,562.0,-12.0
Chorizo (1 oz in paella),Protein/Meat,130,6.0,1.0,11.0,0.0,0.5,350,30,Dinner,0,18.0,0.3333333333333333,0.05555555555555555,0.6111111111111112,127.0,3.0
Saffron (pinch),Condiment,1,0.0,0.1,0.0,0.0,0.0,0,0,Dinner,0,0.1,0.0,1.0,0.0,0.4,0.6
Aioli (Garlic 1 tbsp),Condiment,95,0.1,0.5,10.5,0.0,0.1,70,5,Dinner,0,11.1,0.009009009009009009,0.04504504504504505,0.9459459459459459,96.9,-1.9000000000000057
Gazpacho (1 cup),Meal/Soup,90,2.0,12.0,4.0,3.0,7.0,600,0,Lunch,240,18.0,0.1111111111111111,0.6666666666666666,0.2222222222222222,92.0,-2.0
Croutons (Garlic 1/4 cup),Grain,50,1.5,7.0,2.0,0.5,0.5,140,0,Lunch,0,10.5,0.14285714285714285,0.6666666666666666,0.19047619047619047,52.0,-2.0
Olive Oil (1 tsp garnish),Condiment,40,0.0,0.0,4.5,0.0,0.0,0,0,Lunch,0,4.5,0.0,0.0,1.0,40.5,-0.5
Churros (2 sticks),Dessert,240,3.0,30.0,12.0,1.5,10.0,200,20,Snack,0,45.0,0.06666666666666667,0.6666666666666666,0.26666666666666666,240.0,0.0
Chocolate Sauce (1 tbsp dipping),Condiment,50,0.5,10.0,1.5,1.0,8.0,5,0,Snack,0,12.0,0.041666666666666664,0.8333333333333334,0.125,55.5,-5.5
Cinnamon Sugar (1 tsp),Condiment,20,0.0,5.0,0.0,0.0,5.0,0,0,Snack,0,5.0,0.0,1.0,0.0,20.0,0.0
Horchata (1 cup),Beverage,140,2.0,25.0,3.0,1.0,22.0,30,5,Snack,240,30.0,0.06666666666666667,0.8333333333333334,0.1,135.0,5.0
Ceviche (1 cup fish),Meal/Fish,180,25.0,15.0,2.0,3.0,4.0,700,45,Lunch,0,42.0,0.5952380952380952,0.35714285714285715,0.047619047619047616,178.0,2.0
Red Onion (1/4 cup in ceviche),Vegetable,16,0.3,3.7,0.0,0.4,1.8,1,0,Lunch,0,4.0,0.075,0.925,0.0,16.0,0.0
Cilantro (2 tbsp garnish),Condiment,1,0.1,0.0,0.0,0.1,0.0,0,0,Lunch,0,0.1,1.0,0.0,0.0,0.4,0.6
Corn Nuts (1 oz),Snack/Processed,130,2.0,23.0,4.0,2.0,0.0,180,0,Snack,0,29.0,0.06896551724137931,0.7931034482758621,0.13793103448275862,136.0,-6.0
Lomo Saltado (1.5 cups),Meal/Meat,500,35.0,45.0,22.0,5.0,6.0,1100,90,Dinner,0,102.0,0.3431372549019608,0.4411764705882353,0.21568627450980393,518.0,-18.0
French Fries (as side),Vegetable/Processed,200,2.0,25.0,10.0,2.0,0.2,130,0,Dinner,0,37.0,0.05405405405405406,0.6756756756756757,0.2702702702702703,198.0,2.0
Soy Sauce (1 tbsp in stir-fry),Condiment,9,1.0,1.0,0.0,0.1,0.4,920,0,Dinner,0,2.0,0.5,0.5,0.0,8.0,1.0
Aji Amarillo Paste (1 tsp),Condiment,5,0.1,1.0,0.0,0.5,0.5,50,0,Dinner,0,1.1,0.09090909090909091,0.9090909090909091,0.0,4.4,0.5999999999999996
Pisco Sour (1 drink),Beverage,250,1.0,25.0,0.0,0.0,24.0,5,5,Snack,180,26.0,0.038461538461538464,0.9615384615384616,0.0,104.0,146.0
Egg White (in drink),Condiment,17,3.6,0.2,0.0,0.0,0.2,55,0,Snack,0,3.8000000000000003,0.9473684210526315,0.05263157894736842,0.0,15.200000000000001,1.799999999999999
Angostura Bitters (dash),Condiment,5,0.0,0.0,0.0,0.0,0.0,0,0,Snack,0,0.0,0.0,0.0,0.0,0.0,5.0
Alfajores (1 cookie),Dessert,180,2.0,22.0,10.0,1.0,15.0,60,20,Snack,0,34.0,0.058823529411764705,0.6470588235294118,0.29411764705882354,186.0,-6.0
Dulce de Leche (1 tbsp filling),Condiment,65,1.0,12.0,1.5,0.0,10.0,30,5,Snack,0,14.5,0.06896551724137931,0.8275862068965517,0.10344827586206896,65.5,-0.5
Coconut (shredded garnish),Fruit,10,0.1,0.5,1.0,0.2,0.1,0,0,Snack,0,1.6,0.0625,0.3125,0.625,11.4,-1.4000000000000004
Mate (1 cup),Beverage,5,0.2,1.0,0.0,0.0,0.0,2,0,Breakfast,240,1.2,0.16666666666666669,0.8333333333333334,0.0,4.8,0.20000000000000018
Media Luna (1 pastry),Grain,190,4.0,25.0,8.0,1.0,9.0,150,25,Breakfast,0,37.0,0.10810810810810811,0.6756756756756757,0.21621621621621623,188.0,2.0
Chimichurri (1 tbsp),Condiment,45,0.1,0.5,4.5,0.2,0.1,100,0,Dinner,0,5.1,0.019607843137254905,0.09803921568627452,0.8823529411764707,42.9,2.1000000000000014
Skirt Steak (4oz grilled),Protein/Meat,240,26.0,0.0,15.0,0.0,0.0,70,80,Dinner,0,41.0,0.6341463414634146,0.0,0.36585365853658536,239.0,1.0
Provoleta (1 oz grilled cheese),Dairy,100,7.0,1.0,8.0,0.0,0.5,250,20,Dinner,0,16.0,0.4375,0.0625,0.5,104.0,-4.0
Oregano (1 tsp),Condiment,3,0.1,0.7,0.0,0.2,0.0,0,0,Dinner,0,0.7999999999999999,0.12500000000000003,0.875,0.0,3.1999999999999997,-0.19999999999999973
Empanada (Beef 1 medium),Meal/Processed,290,10.0,28.0,16.0,3.0,3.0,550,30,Lunch,0,54.0,0.18518518518518517,0.5185185185185185,0.2962962962962963,296.0,-6.0
Chicken Milanesa (1 serving),Meal/Meat,450,35.0,30.0,22.0,3.0,2.0,700,100,Dinner,0,87.0,0.40229885057471265,0.3448275862068966,0.25287356321839083,458.0,-8.0
Mashed Potatoes (side),Vegetable,150,3.0,25.0,4.0,2.0,2.0,300,10,Dinner,0,32.0,0.09375,0.78125,0.125,148.0,2.0
Flan (1 slice),Dessert,220,6.0,35.0,7.0,0.0,33.0,80,90,Snack,0,48.0,0.125,0.7291666666666666,0.14583333333333334,227.0,-7.0
Choripan (1 sandwich),Meal/Processed,550,20.0,40.0,35.0,3.0,4.0,1100,80,Lunch,250,95.0,0.21052631578947367,0.42105263157894735,0.3684210526315789,555.0,-5.0
Baguette (slice),Grain,70,2.5,14.0,0.5,0.6,0.5,150,0,Lunch,0,17.0,0.14705882352941177,0.8235294117647058,0.029411764705882353,70.5,-0.5
Chimichurri (1 tbsp),Condiment,45,0.1,0.5,4.5,0.2,0.1,100,0,Lunch,0,5.1,0.019607843137254905,0.09803921568627452,0.8823529411764707,42.9,2.1000000000000014
Pizza (Margherita 1 slice),Meal/Processed,250,12.0,30.0,10.0,3.0,4.0,600,25,Dinner,250,52.0,0.23076923076923078,0.5769230769230769,0.19230769230769232,258.0,-8.0
Fresh Mozzarella (1 oz),Dairy,72,5.0,0.8,5.0,0.0,0.3,138,22,Dinner,0,10.8,0.4629629629629629,0.07407407407407407,0.4629629629629629,68.2,3.799999999999997
Basil (2 tbsp fresh),Condiment,1,0.1,0.1,0.0,0.1,0.0,0,0,Dinner,0,0.2,0.5,0.5,0.0,0.8,0.19999999999999996
Carbonara (1.5 cups),Meal/Pasta,650,25.0,60.0,35.0,4.0,4.0,900,250,Dinner,0,120.0,0.20833333333333334,0.5,0.2916666666666667,655.0,-5.0
Guanciale (1 oz),Protein/Meat,170,3.0,0.0,18.0,0.0,0.0,450,35,Dinner,0,21.0,0.14285714285714285,0.0,0.8571428571428571,174.0,-4.0
Pecorino Cheese (1 tbsp),Dairy,25,1.5,0.1,2.0,0.0,0.0,110,6,Dinner,0,3.6,0.41666666666666663,0.02777777777777778,0.5555555555555556,24.4,0.6000000000000014
Black Pepper (1/4 tsp),Condiment,1,0.0,0.2,0.0,0.1,0.0,0,0,Dinner,0,0.2,0.0,1.0,0.0,0.8,0.19999999999999996
Egg Yolk (1 large in sauce),Protein,55,2.7,0.6,4.5,0.0,0.3,8,184,Dinner,0,7.800000000000001,0.34615384615384615,0.07692307692307691,0.5769230769230769,53.7,1.2999999999999972
Supplì (1 piece fried rice ball),Snack/Processed,200,8.0,25.0,8.0,2.0,2.0,400,25,Snack,0,41.0,0.1951219512195122,0.6097560975609756,0.1951219512195122,204.0,-4.0
Aperol Spritz (1 drink),Beverage,180,0.0,20.0,0.0,0.0,20.0,10,0,Snack,150,20.0,0.0,1.0,0.0,80.0,100.0
Prosecco (3 oz),Beverage,70,0.0,2.0,0.0,0.0,1.5,5,0,Snack,0,2.0,0.0,1.0,0.0,8.0,62.0
Club Soda (2 oz),Beverage,0,0.0,0.0,0.0,0.0,0.0,20,0,Snack,0,0.0,0.0,0.0,0.0,0.0,0.0
Orange Slice (garnish),Fruit,5,0.1,1.0,0.0,0.2,0.8,0,0,Snack,0,1.1,0.09090909090909091,0.9090909090909091,0.0,4.4,0.5999999999999996
Tagliatelle al Ragù (Bolognese),Meal/Pasta,550,28.0,65.0,20.0,7.0,8.0,850,70,Dinner,500,113.0,0.24778761061946902,0.5752212389380531,0.17699115044247787,552.0,-2.0
Ground Beef (2 oz in sauce),Protein/Meat,140,11.0,0.0,10.0,0.0,0.0,40,35,Dinner,0,21.0,0.5238095238095238,0.0,0.47619047619047616,134.0,6.0
Pancetta (0.5 oz in sauce),Protein/Meat,45,1.5,0.0,4.5,0.0,0.0,160,10,Dinner,0,6.0,0.25,0.0,0.75,46.5,-1.5
Carrot (1/4 minced in sauce),Vegetable,10,0.2,2.4,0.1,0.7,1.2,17,0,Dinner,0,2.7,0.07407407407407407,0.8888888888888888,0.037037037037037035,11.3,-1.3000000000000007
Celery (1/4 stalk minced),Vegetable,2,0.1,0.4,0.0,0.2,0.2,12,0,Dinner,0,0.5,0.2,0.8,0.0,2.0,0.0
Onion (1/8 minced in sauce),Vegetable,5,0.1,1.2,0.0,0.2,0.6,1,0,Dinner,0,1.3,0.07692307692307693,0.923076923076923,0.0,5.2,-0.20000000000000018
Crushed Tomatoes (1/2 cup sauce),Vegetable,20,1.0,4.0,0.0,1.5,3.0,200,0,Dinner,0,5.0,0.2,0.8,0.0,20.0,0.0
Parmigiano-Reggiano (1 tbsp),Dairy,22,2.0,0.2,1.5,0.0,0.0,95,4,Dinner,0,3.7,0.5405405405405405,0.05405405405405406,0.4054054054054054,22.3,-0.3000000000000007
Cannoli (1 medium),Dessert,240,5.0,25.0,13.0,1.0,18.0,100,30,Snack,0,43.0,0.11627906976744186,0.5813953488372093,0.3023255813953488,237.0,3.0
Ricotta (filling 1 oz),Dairy,49,3.2,0.8,3.8,0.0,0.1,23,14,Snack,0,7.8,0.4102564102564103,0.10256410256410257,0.48717948717948717,50.199999999999996,-1.1999999999999957
Pistachio (garnish),Nut,10,0.4,0.5,0.8,0.2,0.1,0,0,Snack,0,1.7000000000000002,0.23529411764705882,0.2941176470588235,0.47058823529411764,10.8,-0.8000000000000007
Biscotti (1 cookie),Dessert,110,2.0,18.0,4.0,1.0,9.0,50,15,Snack,0,24.0,0.08333333333333333,0.75,0.16666666666666666,116.0,-6.0
Espresso (for dipping),Beverage,2,0.2,0.0,0.0,0.0,0.0,1,0,Snack,30,0.2,1.0,0.0,0.0,0.8,1.2
Focaccia (1 square),Grain,250,8.0,40.0,7.0,2.0,2.0,500,0,Lunch,0,55.0,0.14545454545454545,0.7272727272727273,0.12727272727272726,255.0,-5.0
Rosemary (1 tsp topping),Condiment,1,0.0,0.2,0.0,0.1,0.0,0,0,Lunch,0,0.2,0.0,1.0,0.0,0.8,0.19999999999999996
Coarse Salt (garnish),Condiment,0,0.0,0.0,0.0,0.0,0.0,200,0,Lunch,0,0.0,0.0,0.0,0.0,0.0,0.0
Olive Oil (1 tbsp drizzle),Condiment,120,0.0,0.0,14.0,0.0,0.0,0,0,Lunch,0,14.0,0.0,0.0,1.0,126.0,-6.0
Bruschetta (2 pcs),Snack/Appetizer,180,4.0,25.0,7.0,3.0,4.0,350,0,Snack,0,36.0,0.1111111111111111,0.6944444444444444,0.19444444444444445,179.0,1.0
Balsamic Glaze (1 tsp),Condiment,13,0.0,3.0,0.0,0.0,2.7,3,0,Snack,0,3.0,0.0,1.0,0.0,12.0,1.0
Ribollita (1.5 cups soup),Meal/Soup,350,15.0,55.0,8.0,14.0,10.0,900,5,Dinner,500,78.0,0.19230769230769232,0.7051282051282052,0.10256410256410256,352.0,-2.0
Cannellini Beans (1/2 cup in soup),Legume,105,7.0,20.0,0.5,6.0,1.0,230,0,Dinner,0,27.5,0.2545454545454545,0.7272727272727273,0.01818181818181818,112.5,-7.5
Kale (1 cup in soup),Vegetable,33,2.9,6.0,0.6,2.0,1.0,29,0,Dinner,0,9.5,0.30526315789473685,0.631578947368421,0.06315789473684211,41.0,-8.0
Stale Bread (1/2 cup in soup),Grain,80,3.0,15.0,1.0,1.0,1.5,160,0,Dinner,0,19.0,0.15789473684210525,0.7894736842105263,0.05263157894736842,81.0,-1.0
Polenta (1 cup creamy),Meal/Grain,150,3.0,32.0,1.0,3.0,1.0,350,5,Dinner,0,36.0,0.08333333333333333,0.8888888888888888,0.027777777777777776,149.0,1.0
Gorgonzola Cheese (1 oz),Dairy,100,6.0,0.7,8.0,0.0,0.1,325,21,Dinner,0,14.7,0.40816326530612246,0.047619047619047616,0.54421768707483,98.8,1.2000000000000028
Negroni (1 drink),Beverage,190,0.0,15.0,0.0,0.0,15.0,5,0,Snack,90,15.0,0.0,1.0,0.0,60.0,130.0
Gin (1 oz),Beverage,70,0.0,0.0,0.0,0.0,0.0,0,0,Snack,0,0.0,0.0,0.0,0.0,0.0,70.0
Campari (1 oz),Beverage,80,0.0,10.0,0.0,0.0,10.0,5,0,Snack,0,10.0,0.0,1.0,0.0,40.0,40.0
Sweet Vermouth (1 oz),Beverage,40,0.0,5.0,0.0,0.0,5.0,0,0,Snack,0,5.0,0.0,1.0,0.0,20.0,20.0
Orange Peel (garnish),Condiment,1,0.0,0.2,0.0,0.1,0.0,0,0,Snack,0,0.2,0.0,1.0,0.0,0.8,0.19999999999999996
Osso Buco (1 serving),Meal/Meat,550,45.0,15.0,30.0,4.0,6.0,900,150,Dinner,0,90.0,0.5,0.16666666666666666,0.3333333333333333,510.0,40.0
Gremolata (1 tbsp),Condiment,15,0.5,1.0,1.0,0.5,0.5,5,0,Dinner,0,2.5,0.2,0.4,0.4,15.0,0.0
Risotto alla Milanese (1 cup),Meal/Rice,350,10.0,50.0,12.0,3.0,3.0,700,30,Dinner,0,72.0,0.1388888888888889,0.6944444444444444,0.16666666666666666,348.0,2.0
Saffron (pinch in risotto),Condiment,1,0.0,0.1,0.0,0.0,0.0,0,0,Dinner,0,0.1,0.0,1.0,0.0,0.4,0.6
Panettone (1 slice),Dessert,320,6.0,50.0,12.0,3.0,25.0,200,70,Snack,0,68.0,0.08823529411764706,0.7352941176470589,0.17647058823529413,332.0,-12.0
Candied Fruit (1 tbsp),Fruit,30,0.0,8.0,0.0,0.5,8.0,5,0,Snack,0,8.0,0.0,1.0,0.0,32.0,-2.0
Amaretti Cookie (2 cookies),Dessert,90,2.0,12.0,4.0,1.0,10.0,10,0,Snack,0,18.0,0.1111111111111111,0.6666666666666666,0.2222222222222222,92.0,-2.0
Limoncello (1.5 oz shot),Beverage,150,0.0,18.0,0.0,0.0,18.0,0,0,Snack,0,18.0,0.0,1.0,0.0,72.0,78.0
Panna Cotta (1 serving),Dessert,300,4.0,25.0,20.0,0.0,22.0,50,70,Snack,0,49.0,0.08163265306122448,0.5102040816326531,0.40816326530612246,296.0,4.0
Berry Coulis (1 tbsp),Condiment,20,0.0,5.0,0.0,0.5,4.5,0,0,Snack,0,5.0,0.0,1.0,0.0,20.0,0.0
Saltimbocca (1 serving),Meal/Meat,380,38.0,5.0,22.0,0.5,1.0,850,120,Dinner,0,65.0,0.5846153846153846,0.07692307692307693,0.3384615384615385,370.0,10.0
Prosciutto (1 slice wrapper),Protein/Meat,35,4.0,0.0,2.5,0.0,0.0,280,10,Dinner,0,6.5,0.6153846153846154,0.0,0.38461538461538464,38.5,-3.5
Sage (2 leaves),Condiment,1,0.0,0.1,0.0,0.1,0.0,0,0,Dinner,0,0.1,0.0,1.0,0.0,0.4,0.6
White Wine Sauce (1/4 cup),Condiment,80,1.0,4.0,6.0,0.5,2.0,300,5,Dinner,0,11.0,0.09090909090909091,0.36363636363636365,0.5454545454545454,74.0,6.0
Polenta (grilled 1 slice),Meal/Grain,120,2.5,25.0,1.0,2.0,0.5,300,0,Dinner,0,28.5,0.08771929824561403,0.8771929824561403,0.03508771929824561,119.0,1.0
Caponata (1/2 cup),Meal/Vegetable,180,2.0,15.0,14.0,5.0,9.0,400,0,Dinner,0,31.0,0.06451612903225806,0.4838709677419355,0.45161290322580644,194.0,-14.0
Eggplant (1/2 cup in caponata),Vegetable,40,0.5,6.0,2.0,2.0,3.0,150,0,Dinner,0,8.5,0.058823529411764705,0.7058823529411765,0.23529411764705882,44.0,-4.0
Pine Nuts (1/2 tbsp),Nut,48,1.0,1.0,5.0,0.2,0.2,0,0,Dinner,0,7.0,0.14285714285714285,0.14285714285714285,0.7142857142857143,53.0,-5.0
Raisins (1 tbsp),Fruit,27,0.3,7.0,0.0,0.3,6.0,1,0,Dinner,0,7.3,0.0410958904109589,0.9589041095890412,0.0,29.2,-2.1999999999999993
Gelato (Pistachio 1/2 cup),Dessert,220,5.0,24.0,12.0,2.0,20.0,60,40,Snack,0,41.0,0.12195121951219512,0.5853658536585366,0.2926829268292683,224.0,-4.0
Waffle Cone (1 small),Grain,70,1.0,13.0,1.5,0.5,7.0,30,5,Snack,0,15.5,0.06451612903225806,0.8387096774193549,0.0967741935483871,69.5,0.5
Cacio e Pepe (1.5 cups),Meal/Pasta,500,18.0,65.0,19.0,4.0,3.0,700,50,Dinner,0,102.0,0.17647058823529413,0.6372549019607843,0.18627450980392157,503.0,-3.0
Pecorino Romano (1/4 cup),Dairy,110,7.5,1.0,8.5,0.0,0.0,450,25,Dinner,0,17.0,0.4411764705882353,0.058823529411764705,0.5,110.5,-0.5
Black Pepper (1/2 tsp),Condiment,3,0.1,0.7,0.0,0.3,0.0,0,0,Dinner,0,0.7999999999999999,0.12500000000000003,0.875,0.0,3.1999999999999997,-0.19999999999999973
Fiorentina Steak (3oz portion),Protein/Meat,230,24.0,0.0,15.0,0.0,0.0,60,75,Dinner,0,39.0,0.6153846153846154,0.0,0.38461538461538464,231.0,-1.0
Olive Oil (1 tbsp drizzle),Condiment,120,0.0,0.0,14.0,0.0,0.0,0,0,Dinner,0,14.0,0.0,0.0,1.0,126.0,-6.0
Rosemary (garnish),Condiment,1,0.0,0.2,0.0,0.1,0.0,0,0,Dinner,0,0.2,0.0,1.0,0.0,0.8,0.19999999999999996
White Beans (Tuscan style 1/2 cup),Legume,150,8.0,20.0,4.0,7.0,2.0,350,0,Dinner,0,32.0,0.25,0.625,0.125,148.0,2.0
Garlic (1 clove in beans),Vegetable,4,0.2,0.9,0.0,0.1,0.0,1,0,Dinner,0,1.1,0.18181818181818182,0.8181818181818181,0.0,4.4,-0.40000000000000036
Sage (in beans),Condiment,1,0.0,0.1,0.0,0.1,0.0,0,0,Dinner,0,0.1,0.0,1.0,0.0,0.4,0.6
Arancini (1 large ball),Snack/Processed,250,9.0,30.0,10.0,3.0,3.0,500,30,Snack,0,49.0,0.1836734693877551,0.6122448979591837,0.20408163265306123,246.0,4.0
Ragù (filling 1 tbsp),Condiment,25,1.5,1.0,1.5,0.5,0.5,60,5,Snack,0,4.0,0.375,0.25,0.375,23.5,1.5
Mozzarella (filling 0.5 oz),Dairy,40,3.0,0.5,3.0,0.0,0.2,75,10,Snack,0,6.5,0.46153846153846156,0.07692307692307693,0.46153846153846156,41.0,-1.0
Breadcrumbs (coating),Grain,25,0.5,4.0,0.5,0.5,0.5,50,0,Snack,0,5.0,0.1,0.8,0.1,22.5,2.5
Campari & Soda (1 drink),Beverage,85,0.0,10.0,0.0,0.0,10.0,25,0,Snack,150,10.0,0.0,1.0,0.0,40.0,45.0
Olive (garnish),Fruit,5,0.0,0.1,0.5,0.1,0.0,30,0,Snack,0,0.6,0.0,0.16666666666666669,0.8333333333333334,4.9,0.09999999999999964
Vitello Tonnato (1 serving),Meal/Meat,380,35.0,3.0,25.0,0.5,1.0,600,110,Lunch,0,63.0,0.5555555555555556,0.047619047619047616,0.3968253968253968,377.0,3.0
Tuna Sauce (2 tbsp),Condiment,100,4.0,1.0,9.0,0.0,0.5,200,15,Lunch,0,14.0,0.2857142857142857,0.07142857142857142,0.6428571428571429,101.0,-1.0
Capers (garnish),Condiment,2,0.2,0.4,0.1,0.3,0.1,200,0,Lunch,0,0.7000000000000001,0.2857142857142857,0.5714285714285714,0.14285714285714285,3.3000000000000003,-1.3000000000000003
Lemon Slice (garnish),Condiment,1,0.0,0.3,0.0,0.1,0.1,0,0,Lunch,0,0.3,0.0,1.0,0.0,1.2,-0.19999999999999996
Gnocchi alla Sorrentina (1.5 cups),Meal/Pasta,450,15.0,60.0,18.0,6.0,9.0,800,40,Dinner,0,93.0,0.16129032258064516,0.6451612903225806,0.1935483870967742,462.0,-12.0
Tomato Sauce (1/2 cup),Condiment,40,1.5,7.0,1.0,2.0,4.0,350,0,Dinner,0,9.5,0.15789473684210525,0.7368421052631579,0.10526315789473684,43.0,-3.0
Mozzarella (1 oz melted),Dairy,80,6.0,1.0,6.0,0.0,0.5,150,20,Dinner,0,13.0,0.46153846153846156,0.07692307692307693,0.46153846153846156,82.0,-2.0
Basil (fresh garnish),Condiment,1,0.1,0.0,0.0,0.1,0.0,0,0,Dinner,0,0.1,1.0,0.0,0.0,0.4,0.6
Parmigiano-Reggiano (1 tbsp),Dairy,22,2.0,0.2,1.5,0.0,0.0,95,4,Dinner,0,3.7,0.5405405405405405,0.05405405405405406,0.4054054054054054,22.3,-0.3000000000000007
Pesto (1/4 cup),Condiment,290,5.0,4.0,29.0,2.0,1.0,600,5,Dinner,0,38.0,0.13157894736842105,0.10526315789473684,0.7631578947368421,297.0,-7.0
Pine Nuts (1 tbsp in pesto),Nut,95,2.0,2.0,10.0,0.5,0.5,0,0,Dinner,0,14.0,0.14285714285714285,0.14285714285714285,0.7142857142857143,106.0,-11.0
Garlic (1/2 clove in pesto),Vegetable,2,0.1,0.5,0.0,0.0,0.0,0,0,Dinner,0,0.6,0.16666666666666669,0.8333333333333334,0.0,2.4,-0.3999999999999999
Trofie Pasta (1 cup cooked),Grain,210,7.0,43.0,1.0,2.0,1.0,5,0,Dinner,0,51.0,0.13725490196078433,0.8431372549019608,0.0196078431372549,209.0,1.0
Green Beans (1/2 cup w/ pasta),Vegetable,15,0.9,3.5,0.1,1.3,1.6,3,0,Dinner,0,4.5,0.2,0.7777777777777778,0.022222222222222223,18.5,-3.5
Potato (1/2 w/ pasta),Vegetable,65,1.0,15.0,0.1,1.0,0.5,3,0,Dinner,0,16.1,0.06211180124223602,0.9316770186335402,0.006211180124223602,64.9,0.09999999999999432
Espresso Martini (1 drink),Beverage,280,0.5,25.0,0.0,0.0,25.0,5,0,Snack,120,25.5,0.0196078431372549,0.9803921568627451,0.0,102.0,178.0
Vodka (1.5 oz),Beverage,97,0.0,0.0,0.0,0.0,0.0,0,0,Snack,0,0.0,0.0,0.0,0.0,0.0,97.0
Coffee Liqueur (1 oz),Beverage,100,0.0,15.0,0.0,0.0,15.0,2,0,Snack,0,15.0,0.0,1.0,0.0,60.0,40.0
Espresso (1 oz in drink),Beverage,3,0.3,0.0,0.1,0.0,0.0,1,0,Snack,0,0.4,0.7499999999999999,0.0,0.25,2.1,0.8999999999999999
Simple Syrup (1/2 oz),Condiment,30,0.0,8.0,0.0,0.0,8.0,0,0,Snack,0,8.0,0.0,1.0,0.0,32.0,-2.0
Coffee Beans (3 garnish),Snack,2,0.1,0.3,0.0,0.1,0.0,0,0,Snack,0,0.4,0.25,0.7499999999999999,0.0,1.6,0.3999999999999999
Baba Ganoush (1/4 cup),Meal/Vegetable,100,2.0,8.0,7.0,4.0,2.0,300,0,Snack,0,17.0,0.11764705882352941,0.47058823529411764,0.4117647058823529,103.0,-3.0
Pita Bread (1 white),Grain,165,5.5,33.0,1.2,1.5,1.5,310,0,Snack,0,39.7,0.13853904282115867,0.8312342569269521,0.030226700251889164,164.8,0.19999999999998863
Falafel (3 pieces),Meal/Vegetarian,180,6.0,18.0,9.0,4.0,1.0,320,0,Lunch,0,33.0,0.18181818181818182,0.5454545454545454,0.2727272727272727,177.0,3.0
Tahini Sauce (1 tbsp),Condiment,30,1.0,1.5,2.5,0.5,0.0,45,0,Lunch,0,5.0,0.2,0.3,0.5,32.5,-2.5
Pickled Turnips (2 tbsp),Vegetable,10,0.2,2.0,0.0,0.5,1.0,200,0,Lunch,0,2.2,0.09090909090909091,0.9090909090909091,0.0,8.8,1.1999999999999993
Shawarma (Chicken 1 wrap),Meal/Processed,550,30.0,50.0,25.0,6.0,5.0,1100,80,Lunch,250,105.0,0.2857142857142857,0.47619047619047616,0.23809523809523808,545.0,5.0
Garlic Sauce (1 tbsp),Condiment,90,0.1,1.0,10.0,0.0,0.5,80,5,Lunch,0,11.1,0.009009009009009009,0.0900900900900901,0.9009009009009009,94.4,-4.400000000000006
Hummus (1/4 cup),Legume,130,5.0,10.0,8.0,4.0,1.0,250,0,Lunch,0,23.0,0.21739130434782608,0.43478260869565216,0.34782608695652173,132.0,-2.0
Tabouli (1/2 cup),Meal/Vegetarian,120,3.0,15.0,6.0,4.0,2.0,300,0,Lunch,0,24.0,0.125,0.625,0.25,126.0,-6.0
Bulgur (1/4 cup in tabouli),Grain,76,2.7,16.8,0.2,4.1,0.1,4,0,Lunch,0,19.7,0.1370558375634518,0.852791878172589,0.010152284263959392,79.8,-3.799999999999997
Parsley (1/4 cup in tabouli),Vegetable,5,0.3,1.0,0.1,0.5,0.1,5,0,Lunch,0,1.4000000000000001,0.21428571428571425,0.7142857142857142,0.07142857142857142,6.1000000000000005,-1.1000000000000005
Mint (1 tbsp in tabouli),Condiment,1,0.1,0.1,0.0,0.1,0.0,0,0,Lunch,0,0.2,0.5,0.5,0.0,0.8,0.19999999999999996
Lemon Juice (1 tbsp dressing),Condiment,4,0.1,1.3,0.0,0.1,0.2,0,0,Lunch,0,1.4000000000000001,0.07142857142857142,0.9285714285714285,0.0,5.6000000000000005,-1.6000000000000005
Olive Oil (1 tbsp dressing),Condiment,120,0.0,0.0,14.0,0.0,0.0,0,0,Lunch,0,14.0,0.0,0.0,1.0,126.0,-6.0
Kibbeh (1 piece fried),Meal/Meat,230,9.0,20.0,13.0,3.0,1.0,450,30,Snack,0,42.0,0.21428571428571427,0.47619047619047616,0.30952380952380953,233.0,-3.0
Pine Nuts (1/2 tbsp filling),Nut,48,1.0,1.0,5.0,0.2,0.2,0,0,Snack,0,7.0,0.14285714285714285,0.14285714285714285,0.7142857142857143,53.0,-5.0
Ground Lamb (1 oz filling),Protein/Meat,80,5.5,0.0,6.0,0.0,0.0,20,20,Snack,0,11.5,0.4782608695652174,0.0,0.5217391304347826,76.0,4.0
Bulgur (1 tbsp shell),Grain,15,0.5,3.4,0.0,0.8,0.0,1,0,Snack,0,3.9,0.12820512820512822,0.8717948717948718,0.0,15.6,-0.5999999999999996
Lentil Soup (1 cup Middle Eastern),Meal/Legume,200,10.0,30.0,5.0,10.0,4.0,700,0,Lunch,250,45.0,0.2222222222222222,0.6666666666666666,0.1111111111111111,205.0,-5.0
Cumin (1 tsp),Condiment,8,0.3,1.5,0.5,0.4,0.1,3,0,Lunch,0,2.3,0.13043478260869565,0.6521739130434783,0.2173913043478261,11.7,-3.6999999999999993
Coriander (1 tsp),Condiment,5,0.1,1.0,0.2,0.5,0.0,1,0,Lunch,0,1.3,0.07692307692307693,0.7692307692307692,0.15384615384615385,6.2,-1.2000000000000002
Lemon Juice (1 tsp in soup),Condiment,1,0.0,0.4,0.0,0.0,0.1,0,0,Lunch,0,0.4,0.0,1.0,0.0,1.6,-0.6000000000000001
Pita Crisps (1 oz),Snack/Processed,130,3.0,18.0,5.0,2.0,1.0,240,0,Lunch,0,26.0,0.11538461538461539,0.6923076923076923,0.19230769230769232,129.0,1.0
Manakeesh (Za'atar 1 small),Meal/Vegetarian,300,7.0,45.0,10.0,4.0,2.0,500,0,Breakfast,0,62.0,0.11290322580645161,0.7258064516129032,0.16129032258064516,298.0,2.0
Za'atar (1 tbsp),Condiment,40,1.0,3.0,3.0,1.5,0.0,150,0,Breakfast,0,7.0,0.14285714285714285,0.42857142857142855,0.42857142857142855,43.0,-3.0
Olive Oil (1 tbsp on bread),Condiment,120,0.0,0.0,14.0,0.0,0.0,0,0,Breakfast,0,14.0,0.0,0.0,1.0,126.0,-6.0
Labneh (2 tbsp),Dairy,60,4.0,2.0,4.0,0.0,2.0,80,15,Breakfast,0,10.0,0.4,0.2,0.4,60.0,0.0
Cucumber (1/4 cup side),Vegetable,8,0.3,1.8,0.0,0.2,0.8,1,0,Breakfast,0,2.1,0.14285714285714285,0.8571428571428571,0.0,8.4,-0.40000000000000036
Tomato (1/4 cup side),Vegetable,8,0.3,1.8,0.1,0.5,1.2,2,0,Breakfast,0,2.2,0.13636363636363635,0.8181818181818181,0.045454545454545456,9.3,-1.3000000000000007
Olives (5 side),Fruit,35,0.2,1.0,3.5,0.5,0.0,210,0,Breakfast,0,4.7,0.0425531914893617,0.2127659574468085,0.7446808510638298,36.3,-1.2999999999999972
Mint Tea (1 cup),Beverage,2,0.1,0.5,0.0,0.0,0.0,5,0,Breakfast,240,0.6,0.16666666666666669,0.8333333333333334,0.0,2.4,-0.3999999999999999
Stuffed Grape Leaves (3 pcs),Meal/Vegetarian,150,3.0,20.0,7.0,3.0,3.0,400,0,Snack,0,30.0,0.1,0.6666666666666666,0.23333333333333334,155.0,-5.0
Rice (1/4 cup filling),Grain,51,1.1,11.1,0.1,0.1,0.0,0,0,Snack,0,12.299999999999999,0.0894308943089431,0.9024390243902439,0.008130081300813009,49.699999999999996,1.3000000000000043
Turkish Coffee (1 small cup),Beverage,5,0.2,0.5,0.0,0.0,0.0,1,0,Snack,60,0.7,0.28571428571428575,0.7142857142857143,0.0,2.8,2.2
Cardamom (in coffee),Condiment,1,0.0,0.2,0.0,0.1,0.0,0,0,Snack,0,0.2,0.0,1.0,0.0,0.8,0.19999999999999996
Shish Tawook (2 skewers),Meal/Meat,300,35.0,5.0,16.0,1.0,2.0,600,100,Dinner,0,56.0,0.625,0.08928571428571429,0.2857142857142857,304.0,-4.0
Garlic Sauce (Toum 1 tbsp),Condiment,90,0.1,1.0,10.0,0.0,0.5,80,5,Dinner,0,11.1,0.009009009009009009,0.0900900900900901,0.9009009009009009,94.4,-4.400000000000006
French Fries (side),Vegetable/Processed,340,4.0,44.0,17.0,4.0,0.3,230,0,Dinner,0,65.0,0.06153846153846154,0.676923076923077,0.26153846153846155,345.0,-5.0
Pickled Cucumber (1/4 cup),Vegetable,10,0.5,2.0,0.0,1.0,1.0,300,0,Dinner,0,2.5,0.2,0.8,0.0,10.0,0.0
Fattoush Salad (1.5 cups),Meal/Vegetarian,250,5.0,25.0,15.0,6.0,5.0,500,0,Lunch,0,45.0,0.1111111111111111,0.5555555555555556,0.3333333333333333,255.0,-5.0
Fried Pita (1/2 pita in salad),Grain,80,2.0,12.0,3.0,1.0,0.5,150,0,Lunch,0,17.0,0.11764705882352941,0.7058823529411765,0.17647058823529413,83.0,-3.0
Sumac (1/2 tsp dressing),Condiment,5,0.1,1.0,0.2,0.5,0.0,1,0,Lunch,0,1.3,0.07692307692307693,0.7692307692307692,0.15384615384615385,6.2,-1.2000000000000002
Pomegranate Molasses (1 tsp),Condiment,15,0.0,4.0,0.0,0.0,4.0,0,0,Lunch,0,4.0,0.0,1.0,0.0,16.0,-1.0
